[{"model": "admin.logentry", "pk": 1, "fields": {"action_time": "2025-06-12T12:12:13.398Z", "user": "90c141ec-9ee1-482e-b64b-474c88ed5746", "content_type": 7, "object_id": "a5c3b9b3-105a-4ced-9d38-48c80e51a4f5", "object_repr": "File object (a5c3b9b3-105a-4ced-9d38-48c80e51a4f5)", "action_flag": 1, "change_message": "[{\"added\": {}}]"}}, {"model": "admin.logentry", "pk": 2, "fields": {"action_time": "2025-06-12T12:12:29.003Z", "user": "90c141ec-9ee1-482e-b64b-474c88ed5746", "content_type": 8, "object_id": "96808b40-0947-4969-ac98-00d860baedff", "object_repr": "Beginner", "action_flag": 1, "change_message": "[{\"added\": {}}]"}}, {"model": "admin.logentry", "pk": 3, "fields": {"action_time": "2025-06-12T12:12:30.227Z", "user": "90c141ec-9ee1-482e-b64b-474c88ed5746", "content_type": 9, "object_id": "ffd7c7ff-d62f-4e18-97c8-195f53054e87", "object_repr": "A1 - B1 Nemis tili", "action_flag": 1, "change_message": "[{\"added\": {}}]"}}, {"model": "admin.logentry", "pk": 4, "fields": {"action_time": "2025-06-12T12:13:00.945Z", "user": "90c141ec-9ee1-482e-b64b-474c88ed5746", "content_type": 7, "object_id": "16579148-c108-41f4-8d8f-e60421299a95", "object_repr": "File object (16579148-c108-41f4-8d8f-e60421299a95)", "action_flag": 1, "change_message": "[{\"added\": {}}]"}}, {"model": "admin.logentry", "pk": 5, "fields": {"action_time": "2025-06-12T12:13:07.600Z", "user": "90c141ec-9ee1-482e-b64b-474c88ed5746", "content_type": 9, "object_id": "6baa1e94-5f23-4705-977b-a13c998d9be7", "object_repr": "de B2 Nemis tili", "action_flag": 1, "change_message": "[{\"added\": {}}]"}}, {"model": "admin.logentry", "pk": 6, "fields": {"action_time": "2025-06-12T12:13:30.589Z", "user": "90c141ec-9ee1-482e-b64b-474c88ed5746", "content_type": 7, "object_id": "d3261cbd-f1cf-4731-bdfd-25007e873014", "object_repr": "File object (d3261cbd-f1cf-4731-bdfd-25007e873014)", "action_flag": 1, "change_message": "[{\"added\": {}}]"}}, {"model": "admin.logentry", "pk": 7, "fields": {"action_time": "2025-06-12T12:13:43.955Z", "user": "90c141ec-9ee1-482e-b64b-474c88ed5746", "content_type": 9, "object_id": "3ee4b2dd-5c8f-40fa-8822-88769df86612", "object_repr": "A1-A2   Sprechen – So‘zlashuv)", "action_flag": 1, "change_message": "[{\"added\": {}}]"}}, {"model": "admin.logentry", "pk": 8, "fields": {"action_time": "2025-06-12T12:15:23.827Z", "user": "90c141ec-9ee1-482e-b64b-474c88ed5746", "content_type": 6, "object_id": "c5ae5bde-fb36-48f1-96c5-d64517460e7c", "object_repr": "Shohjahon", "action_flag": 2, "change_message": "[{\"changed\": {\"fields\": [\"Password\", \"Role\"]}}]"}}, {"model": "admin.logentry", "pk": 9, "fields": {"action_time": "2025-06-12T12:31:15.620Z", "user": "90c141ec-9ee1-482e-b64b-474c88ed5746", "content_type": 7, "object_id": "96fb3be0-49f1-4f81-bd89-1c4ceef1b212", "object_repr": "File object (96fb3be0-49f1-4f81-bd89-1c4ceef1b212)", "action_flag": 1, "change_message": "[{\"added\": {}}]"}}, {"model": "admin.logentry", "pk": 10, "fields": {"action_time": "2025-06-12T12:38:22.109Z", "user": "90c141ec-9ee1-482e-b64b-474c88ed5746", "content_type": 10, "object_id": "abaef104-2bba-4239-814b-45ed54861b45", "object_repr": "Theme 1", "action_flag": 1, "change_message": "[{\"added\": {}}]"}}, {"model": "admin.logentry", "pk": 11, "fields": {"action_time": "2025-06-12T13:29:25.722Z", "user": "90c141ec-9ee1-482e-b64b-474c88ed5746", "content_type": 10, "object_id": "abaef104-2bba-4239-814b-45ed54861b45", "object_repr": "Theme 1", "action_flag": 2, "change_message": "[{\"changed\": {\"fields\": [\"Link\"]}}]"}}, {"model": "admin.logentry", "pk": 12, "fields": {"action_time": "2025-06-12T13:51:23.230Z", "user": "90c141ec-9ee1-482e-b64b-474c88ed5746", "content_type": 10, "object_id": "abaef104-2bba-4239-814b-45ed54861b45", "object_repr": "Theme 1", "action_flag": 2, "change_message": "[]"}}, {"model": "admin.logentry", "pk": 13, "fields": {"action_time": "2025-06-12T13:57:53.298Z", "user": "90c141ec-9ee1-482e-b64b-474c88ed5746", "content_type": 10, "object_id": "abaef104-2bba-4239-814b-45ed54861b45", "object_repr": "Theme 1", "action_flag": 2, "change_message": "[{\"changed\": {\"fields\": [\"Link\"]}}]"}}, {"model": "admin.logentry", "pk": 14, "fields": {"action_time": "2025-06-12T19:07:55.771Z", "user": "90c141ec-9ee1-482e-b64b-474c88ed5746", "content_type": 10, "object_id": "abaef104-2bba-4239-814b-45ed54861b45", "object_repr": "Theme 1", "action_flag": 2, "change_message": "[{\"changed\": {\"fields\": [\"Link\"]}}]"}}, {"model": "admin.logentry", "pk": 15, "fields": {"action_time": "2025-06-12T19:24:14.225Z", "user": "90c141ec-9ee1-482e-b64b-474c88ed5746", "content_type": 11, "object_id": "c2a788cf-fb58-4d49-adc1-0c4a5123a3de", "object_repr": "ThemeAttendance object (c2a788cf-fb58-4d49-adc1-0c4a5123a3de)", "action_flag": 3, "change_message": ""}}, {"model": "admin.logentry", "pk": 16, "fields": {"action_time": "2025-06-12T19:24:14.225Z", "user": "90c141ec-9ee1-482e-b64b-474c88ed5746", "content_type": 11, "object_id": "89d72d77-1d8f-4b4d-84be-35d3386c56bf", "object_repr": "ThemeAttendance object (89d72d77-1d8f-4b4d-84be-35d3386c56bf)", "action_flag": 3, "change_message": ""}}, {"model": "admin.logentry", "pk": 17, "fields": {"action_time": "2025-06-12T19:24:14.225Z", "user": "90c141ec-9ee1-482e-b64b-474c88ed5746", "content_type": 11, "object_id": "59706d3a-d88c-4459-bf04-e4e99bf11d59", "object_repr": "ThemeAttendance object (59706d3a-d88c-4459-bf04-e4e99bf11d59)", "action_flag": 3, "change_message": ""}}, {"model": "admin.logentry", "pk": 18, "fields": {"action_time": "2025-06-12T19:24:14.225Z", "user": "90c141ec-9ee1-482e-b64b-474c88ed5746", "content_type": 11, "object_id": "be998a09-40c4-40ea-85b5-15848a12c03b", "object_repr": "ThemeAttendance object (be998a09-40c4-40ea-85b5-15848a12c03b)", "action_flag": 3, "change_message": ""}}, {"model": "admin.logentry", "pk": 19, "fields": {"action_time": "2025-06-12T19:24:14.225Z", "user": "90c141ec-9ee1-482e-b64b-474c88ed5746", "content_type": 11, "object_id": "e511b1bd-33e3-43fe-b3b9-5670461618a4", "object_repr": "ThemeAttendance object (e511b1bd-33e3-43fe-b3b9-5670461618a4)", "action_flag": 3, "change_message": ""}}, {"model": "admin.logentry", "pk": 20, "fields": {"action_time": "2025-06-12T19:24:14.225Z", "user": "90c141ec-9ee1-482e-b64b-474c88ed5746", "content_type": 11, "object_id": "e4ae719f-9730-4007-9e81-f125c986ea1d", "object_repr": "ThemeAttendance object (e4ae719f-9730-4007-9e81-f125c986ea1d)", "action_flag": 3, "change_message": ""}}, {"model": "admin.logentry", "pk": 21, "fields": {"action_time": "2025-06-12T19:24:14.225Z", "user": "90c141ec-9ee1-482e-b64b-474c88ed5746", "content_type": 11, "object_id": "41dc5356-442e-4080-81bd-bd09162f4aa1", "object_repr": "ThemeAttendance object (41dc5356-442e-4080-81bd-bd09162f4aa1)", "action_flag": 3, "change_message": ""}}, {"model": "admin.logentry", "pk": 22, "fields": {"action_time": "2025-06-12T19:24:14.225Z", "user": "90c141ec-9ee1-482e-b64b-474c88ed5746", "content_type": 11, "object_id": "7be02195-7e18-45e4-ab93-4d1342b7ffcf", "object_repr": "ThemeAttendance object (7be02195-7e18-45e4-ab93-4d1342b7ffcf)", "action_flag": 3, "change_message": ""}}, {"model": "admin.logentry", "pk": 23, "fields": {"action_time": "2025-06-12T19:24:14.225Z", "user": "90c141ec-9ee1-482e-b64b-474c88ed5746", "content_type": 11, "object_id": "a31eefb7-2d1b-4729-850f-14432d85bc20", "object_repr": "ThemeAttendance object (a31eefb7-2d1b-4729-850f-14432d85bc20)", "action_flag": 3, "change_message": ""}}, {"model": "admin.logentry", "pk": 24, "fields": {"action_time": "2025-06-12T19:24:14.225Z", "user": "90c141ec-9ee1-482e-b64b-474c88ed5746", "content_type": 11, "object_id": "75812e47-3947-4c05-ad99-8ba01c2765e6", "object_repr": "ThemeAttendance object (75812e47-3947-4c05-ad99-8ba01c2765e6)", "action_flag": 3, "change_message": ""}}, {"model": "admin.logentry", "pk": 25, "fields": {"action_time": "2025-06-13T05:58:06.948Z", "user": "90c141ec-9ee1-482e-b64b-474c88ed5746", "content_type": 7, "object_id": "23521541-fe91-4d93-b661-9b6ae580ef76", "object_repr": "File object (23521541-fe91-4d93-b661-9b6ae580ef76)", "action_flag": 1, "change_message": "[{\"added\": {}}]"}}, {"model": "admin.logentry", "pk": 26, "fields": {"action_time": "2025-06-13T06:02:37.159Z", "user": "90c141ec-9ee1-482e-b64b-474c88ed5746", "content_type": 10, "object_id": "abaef104-2bba-4239-814b-45ed54861b45", "object_repr": "Theme 1", "action_flag": 2, "change_message": "[{\"changed\": {\"fields\": [\"Video\"]}}]"}}, {"model": "admin.logentry", "pk": 27, "fields": {"action_time": "2025-06-13T14:46:42.680Z", "user": "90c141ec-9ee1-482e-b64b-474c88ed5746", "content_type": 7, "object_id": "fcee74d4-a6cd-4815-8695-83a00f19c5de", "object_repr": "File object (fcee74d4-a6cd-4815-8695-83a00f19c5de)", "action_flag": 1, "change_message": "[{\"added\": {}}]"}}, {"model": "admin.logentry", "pk": 28, "fields": {"action_time": "2025-06-13T14:46:53.176Z", "user": "90c141ec-9ee1-482e-b64b-474c88ed5746", "content_type": 9, "object_id": "4bc7d96a-efe0-459b-a4aa-2aa592b2ccd8", "object_repr": "A1", "action_flag": 1, "change_message": "[{\"added\": {}}]"}}, {"model": "admin.logentry", "pk": 29, "fields": {"action_time": "2025-06-13T14:55:52.705Z", "user": "90c141ec-9ee1-482e-b64b-474c88ed5746", "content_type": 7, "object_id": "f8eed7dd-7171-4582-bf42-94b84d5c4d42", "object_repr": "File object (f8eed7dd-7171-4582-bf42-94b84d5c4d42)", "action_flag": 1, "change_message": "[{\"added\": {}}]"}}, {"model": "admin.logentry", "pk": 30, "fields": {"action_time": "2025-06-13T14:58:40.317Z", "user": "90c141ec-9ee1-482e-b64b-474c88ed5746", "content_type": 10, "object_id": "3a97777f-9e70-432e-9bba-f3f04b64718b", "object_repr": "A1 kursi 1-mavzu", "action_flag": 1, "change_message": "[{\"added\": {}}]"}}, {"model": "admin.logentry", "pk": 31, "fields": {"action_time": "2025-06-14T06:01:59.954Z", "user": "90c141ec-9ee1-482e-b64b-474c88ed5746", "content_type": 9, "object_id": "ffd7c7ff-d62f-4e18-97c8-195f53054e87", "object_repr": "A1 - B1 Nemis tili", "action_flag": 3, "change_message": ""}}, {"model": "admin.logentry", "pk": 32, "fields": {"action_time": "2025-06-14T06:01:59.954Z", "user": "90c141ec-9ee1-482e-b64b-474c88ed5746", "content_type": 9, "object_id": "6baa1e94-5f23-4705-977b-a13c998d9be7", "object_repr": "de B2 Nemis tili", "action_flag": 3, "change_message": ""}}, {"model": "admin.logentry", "pk": 33, "fields": {"action_time": "2025-06-14T06:01:59.954Z", "user": "90c141ec-9ee1-482e-b64b-474c88ed5746", "content_type": 9, "object_id": "3ee4b2dd-5c8f-40fa-8822-88769df86612", "object_repr": "A1-A2   Sprechen – So‘zlashuv)", "action_flag": 3, "change_message": ""}}, {"model": "admin.logentry", "pk": 34, "fields": {"action_time": "2025-06-14T06:01:59.954Z", "user": "90c141ec-9ee1-482e-b64b-474c88ed5746", "content_type": 9, "object_id": "4bc7d96a-efe0-459b-a4aa-2aa592b2ccd8", "object_repr": "A1", "action_flag": 3, "change_message": ""}}, {"model": "admin.logentry", "pk": 35, "fields": {"action_time": "2025-06-14T06:02:08.015Z", "user": "90c141ec-9ee1-482e-b64b-474c88ed5746", "content_type": 10, "object_id": "abaef104-2bba-4239-814b-45ed54861b45", "object_repr": "Theme 1", "action_flag": 3, "change_message": ""}}, {"model": "admin.logentry", "pk": 36, "fields": {"action_time": "2025-06-14T06:02:08.015Z", "user": "90c141ec-9ee1-482e-b64b-474c88ed5746", "content_type": 10, "object_id": "3a97777f-9e70-432e-9bba-f3f04b64718b", "object_repr": "A1 kursi 1-mavzu", "action_flag": 3, "change_message": ""}}, {"model": "admin.logentry", "pk": 37, "fields": {"action_time": "2025-06-14T06:02:14.543Z", "user": "90c141ec-9ee1-482e-b64b-474c88ed5746", "content_type": 11, "object_id": "886f466f-42d1-4dbe-8411-ac7ac2d115a3", "object_repr": "ThemeAttendance object (886f466f-42d1-4dbe-8411-ac7ac2d115a3)", "action_flag": 3, "change_message": ""}}, {"model": "admin.logentry", "pk": 38, "fields": {"action_time": "2025-06-14T06:02:14.543Z", "user": "90c141ec-9ee1-482e-b64b-474c88ed5746", "content_type": 11, "object_id": "e3839975-b4cd-4a13-9006-f66d96f39bf3", "object_repr": "ThemeAttendance object (e3839975-b4cd-4a13-9006-f66d96f39bf3)", "action_flag": 3, "change_message": ""}}, {"model": "admin.logentry", "pk": 39, "fields": {"action_time": "2025-06-14T06:02:20.863Z", "user": "90c141ec-9ee1-482e-b64b-474c88ed5746", "content_type": 12, "object_id": "2de2864c-4a3c-4b9f-9fc2-83e23c260955", "object_repr": "Shohjahon Obruyev   600000.0", "action_flag": 3, "change_message": ""}}, {"model": "admin.logentry", "pk": 40, "fields": {"action_time": "2025-06-14T06:02:20.863Z", "user": "90c141ec-9ee1-482e-b64b-474c88ed5746", "content_type": 12, "object_id": "d41842cb-0b12-4997-b9bf-ea196e5bfb91", "object_repr": "Munisa   600000.0", "action_flag": 3, "change_message": ""}}, {"model": "admin.logentry", "pk": 41, "fields": {"action_time": "2025-06-14T06:02:20.863Z", "user": "90c141ec-9ee1-482e-b64b-474c88ed5746", "content_type": 12, "object_id": "2c889fa4-1604-4b12-8c7a-421a58d17f83", "object_repr": "Shohjahon Obruyev   499000.0", "action_flag": 3, "change_message": ""}}, {"model": "admin.logentry", "pk": 42, "fields": {"action_time": "2025-06-14T06:06:57.911Z", "user": "90c141ec-9ee1-482e-b64b-474c88ed5746", "content_type": 9, "object_id": "ebc7ed00-1eb9-4f56-8501-3deb108dfcaa", "object_repr": "⭐ Standart ta’rif", "action_flag": 1, "change_message": "[{\"added\": {}}]"}}, {"model": "admin.logentry", "pk": 43, "fields": {"action_time": "2025-06-14T06:09:23.145Z", "user": "90c141ec-9ee1-482e-b64b-474c88ed5746", "content_type": 9, "object_id": "4c6f469a-edfe-4df6-a535-ad2ecf27972c", "object_repr": "💫 Premium ta’rif", "action_flag": 1, "change_message": "[{\"added\": {}}]"}}, {"model": "admin.logentry", "pk": 44, "fields": {"action_time": "2025-06-14T06:11:23.498Z", "user": "90c141ec-9ee1-482e-b64b-474c88ed5746", "content_type": 9, "object_id": "d40c3aca-8381-43dc-8d74-349822cf7b25", "object_repr": "👑 VIP ta’rif", "action_flag": 1, "change_message": "[{\"added\": {}}]"}}, {"model": "admin.logentry", "pk": 45, "fields": {"action_time": "2025-06-14T06:17:56.296Z", "user": "90c141ec-9ee1-482e-b64b-474c88ed5746", "content_type": 8, "object_id": "96808b40-0947-4969-ac98-00d860baedff", "object_repr": "Beginner", "action_flag": 2, "change_message": "[]"}}, {"model": "admin.logentry", "pk": 46, "fields": {"action_time": "2025-06-14T07:39:29.430Z", "user": "90c141ec-9ee1-482e-b64b-474c88ed5746", "content_type": 9, "object_id": "ebc7ed00-1eb9-4f56-8501-3deb108dfcaa", "object_repr": "⭐ Standart ta’rif", "action_flag": 2, "change_message": "[{\"changed\": {\"fields\": [\"Description\"]}}]"}}, {"model": "admin.logentry", "pk": 47, "fields": {"action_time": "2025-06-14T07:39:42.503Z", "user": "90c141ec-9ee1-482e-b64b-474c88ed5746", "content_type": 9, "object_id": "4c6f469a-edfe-4df6-a535-ad2ecf27972c", "object_repr": "💫 Premium ta’rif", "action_flag": 2, "change_message": "[{\"changed\": {\"fields\": [\"Description\"]}}]"}}, {"model": "admin.logentry", "pk": 48, "fields": {"action_time": "2025-06-14T07:39:54.662Z", "user": "90c141ec-9ee1-482e-b64b-474c88ed5746", "content_type": 9, "object_id": "d40c3aca-8381-43dc-8d74-349822cf7b25", "object_repr": "👑 VIP ta’rif", "action_flag": 2, "change_message": "[{\"changed\": {\"fields\": [\"Description\"]}}]"}}, {"model": "admin.logentry", "pk": 49, "fields": {"action_time": "2025-06-14T08:07:45.848Z", "user": "90c141ec-9ee1-482e-b64b-474c88ed5746", "content_type": 9, "object_id": "ebc7ed00-1eb9-4f56-8501-3deb108dfcaa", "object_repr": "⭐ Standart ta’rif", "action_flag": 2, "change_message": "[]"}}, {"model": "admin.logentry", "pk": 50, "fields": {"action_time": "2025-06-14T08:10:58.774Z", "user": "90c141ec-9ee1-482e-b64b-474c88ed5746", "content_type": 8, "object_id": "96808b40-0947-4969-ac98-00d860baedff", "object_repr": "A1 daraja", "action_flag": 2, "change_message": "[{\"changed\": {\"fields\": [\"Name\"]}}]"}}, {"model": "admin.logentry", "pk": 51, "fields": {"action_time": "2025-06-14T08:11:24.576Z", "user": "90c141ec-9ee1-482e-b64b-474c88ed5746", "content_type": 8, "object_id": "96808b40-0947-4969-ac98-00d860baedff", "object_repr": "A2 daraja", "action_flag": 2, "change_message": "[{\"changed\": {\"fields\": [\"Name\"]}}]"}}, {"model": "admin.logentry", "pk": 52, "fields": {"action_time": "2025-06-14T08:11:47.176Z", "user": "90c141ec-9ee1-482e-b64b-474c88ed5746", "content_type": 8, "object_id": "8361681a-1592-4683-bd78-044f7edff9eb", "object_repr": "B1 daraja", "action_flag": 1, "change_message": "[{\"added\": {}}]"}}, {"model": "admin.logentry", "pk": 53, "fields": {"action_time": "2025-06-14T08:11:53.836Z", "user": "90c141ec-9ee1-482e-b64b-474c88ed5746", "content_type": 9, "object_id": "4c6f469a-edfe-4df6-a535-ad2ecf27972c", "object_repr": "💫 Premium ta’rif", "action_flag": 2, "change_message": "[]"}}, {"model": "admin.logentry", "pk": 54, "fields": {"action_time": "2025-06-14T08:12:08.891Z", "user": "90c141ec-9ee1-482e-b64b-474c88ed5746", "content_type": 8, "object_id": "33f25850-1339-48d0-9d1e-8ed1db2e52ff", "object_repr": "A1 daraja", "action_flag": 1, "change_message": "[{\"added\": {}}]"}}, {"model": "admin.logentry", "pk": 55, "fields": {"action_time": "2025-06-14T08:12:13.806Z", "user": "90c141ec-9ee1-482e-b64b-474c88ed5746", "content_type": 9, "object_id": "ebc7ed00-1eb9-4f56-8501-3deb108dfcaa", "object_repr": "⭐ Standart ta’rif", "action_flag": 2, "change_message": "[{\"changed\": {\"fields\": [\"Course type\"]}}]"}}, {"model": "admin.logentry", "pk": 56, "fields": {"action_time": "2025-06-14T08:12:48.374Z", "user": "90c141ec-9ee1-482e-b64b-474c88ed5746", "content_type": 8, "object_id": "020afa4e-f02d-4291-b4db-db2f655fd340", "object_repr": "A1-B1 gacha", "action_flag": 1, "change_message": "[{\"added\": {}}]"}}, {"model": "admin.logentry", "pk": 57, "fields": {"action_time": "2025-06-14T08:12:51.503Z", "user": "90c141ec-9ee1-482e-b64b-474c88ed5746", "content_type": 9, "object_id": "d40c3aca-8381-43dc-8d74-349822cf7b25", "object_repr": "👑 VIP ta’rif", "action_flag": 2, "change_message": "[{\"changed\": {\"fields\": [\"Course type\"]}}]"}}, {"model": "admin.logentry", "pk": 58, "fields": {"action_time": "2025-06-14T08:13:20.067Z", "user": "90c141ec-9ee1-482e-b64b-474c88ed5746", "content_type": 8, "object_id": "ca9d51bb-0f23-4454-baec-2d91776ea89d", "object_repr": "A1-B1 dajalar", "action_flag": 1, "change_message": "[{\"added\": {}}]"}}, {"model": "admin.logentry", "pk": 59, "fields": {"action_time": "2025-06-14T08:13:23.083Z", "user": "90c141ec-9ee1-482e-b64b-474c88ed5746", "content_type": 9, "object_id": "d40c3aca-8381-43dc-8d74-349822cf7b25", "object_repr": "👑 VIP ta’rif", "action_flag": 2, "change_message": "[{\"changed\": {\"fields\": [\"Course type\"]}}]"}}, {"model": "admin.logentry", "pk": 60, "fields": {"action_time": "2025-06-14T08:13:30.631Z", "user": "90c141ec-9ee1-482e-b64b-474c88ed5746", "content_type": 9, "object_id": "4c6f469a-edfe-4df6-a535-ad2ecf27972c", "object_repr": "💫 Premium ta’rif", "action_flag": 2, "change_message": "[{\"changed\": {\"fields\": [\"Course type\"]}}]"}}, {"model": "admin.logentry", "pk": 61, "fields": {"action_time": "2025-06-14T08:13:38.505Z", "user": "90c141ec-9ee1-482e-b64b-474c88ed5746", "content_type": 9, "object_id": "ebc7ed00-1eb9-4f56-8501-3deb108dfcaa", "object_repr": "⭐ Standart ta’rif", "action_flag": 2, "change_message": "[{\"changed\": {\"fields\": [\"Course type\"]}}]"}}, {"model": "admin.logentry", "pk": 62, "fields": {"action_time": "2025-06-16T08:40:47.600Z", "user": "90c141ec-9ee1-482e-b64b-474c88ed5746", "content_type": 14, "object_id": "38ffaaba-e3ce-4769-85cb-783c2d88742a", "object_repr": "https://yengi.mussi.uz/users", "action_flag": 1, "change_message": "[{\"added\": {}}]"}}, {"model": "admin.logentry", "pk": 63, "fields": {"action_time": "2025-06-16T08:49:43.527Z", "user": "90c141ec-9ee1-482e-b64b-474c88ed5746", "content_type": 14, "object_id": "a78dd04f-e559-4211-9fd9-6cfe8bdcd136", "object_repr": "https://youtu.be/m7WOGlt0F2o?si=UqHfNiValkS0nrmC", "action_flag": 1, "change_message": "[{\"added\": {}}]"}}, {"model": "admin.logentry", "pk": 64, "fields": {"action_time": "2025-06-16T08:49:52.309Z", "user": "90c141ec-9ee1-482e-b64b-474c88ed5746", "content_type": 10, "object_id": "abf37ca2-8f48-4226-91a3-24f3b07573eb", "object_repr": "Test", "action_flag": 1, "change_message": "[{\"added\": {}}]"}}, {"model": "admin.logentry", "pk": 65, "fields": {"action_time": "2025-06-16T09:01:31.307Z", "user": "90c141ec-9ee1-482e-b64b-474c88ed5746", "content_type": 10, "object_id": "abf37ca2-8f48-4226-91a3-24f3b07573eb", "object_repr": "Test", "action_flag": 3, "change_message": ""}}, {"model": "admin.logentry", "pk": 66, "fields": {"action_time": "2025-06-16T09:01:54.716Z", "user": "90c141ec-9ee1-482e-b64b-474c88ed5746", "content_type": 11, "object_id": "9a506bec-c310-42db-a43a-43e5fdb77755", "object_repr": "ThemeAttendance object (9a506bec-c310-42db-a43a-43e5fdb77755)", "action_flag": 3, "change_message": ""}}, {"model": "admin.logentry", "pk": 67, "fields": {"action_time": "2025-06-16T11:23:03.056Z", "user": "90c141ec-9ee1-482e-b64b-474c88ed5746", "content_type": 14, "object_id": "3187fd74-7cc6-49a4-89ac-25dd80ca2d7b", "object_repr": "https://t.me/c/2611547841/2", "action_flag": 1, "change_message": "[{\"added\": {}}]"}}, {"model": "admin.logentry", "pk": 68, "fields": {"action_time": "2025-06-16T11:25:55.400Z", "user": "90c141ec-9ee1-482e-b64b-474c88ed5746", "content_type": 10, "object_id": "34e85849-b0d9-4dee-9f8b-c5a63d71cc66", "object_repr": "1-dars.Personalpronomen, Präsens und Vokalwechsel", "action_flag": 1, "change_message": "[{\"added\": {}}]"}}, {"model": "admin.logentry", "pk": 69, "fields": {"action_time": "2025-06-16T11:33:32.512Z", "user": "90c141ec-9ee1-482e-b64b-474c88ed5746", "content_type": 10, "object_id": "34e85849-b0d9-4dee-9f8b-c5a63d71cc66", "object_repr": "1-dars.Personalpronomen, Präsens und Vokalwechsel", "action_flag": 2, "change_message": "[{\"changed\": {\"fields\": [\"Video\"]}}]"}}, {"model": "admin.logentry", "pk": 70, "fields": {"action_time": "2025-06-20T10:24:38.143Z", "user": "90c141ec-9ee1-482e-b64b-474c88ed5746", "content_type": 15, "object_id": "c5cf5087-4660-4c84-8bcc-8bbcfc0d4ab3", "object_repr": "monoroum_ca", "action_flag": 1, "change_message": "[{\"added\": {}}]"}}, {"model": "admin.logentry", "pk": 71, "fields": {"action_time": "2025-06-26T09:49:20.354Z", "user": "90c141ec-9ee1-482e-b64b-474c88ed5746", "content_type": 6, "object_id": "f327dc82-030c-465c-8cb9-ad394ff79e5f", "object_repr": "Munisa", "action_flag": 2, "change_message": "[{\"changed\": {\"fields\": [\"Password\", \"Role\"]}}]"}}, {"model": "admin.logentry", "pk": 72, "fields": {"action_time": "2025-06-28T10:26:10.796Z", "user": "90c141ec-9ee1-482e-b64b-474c88ed5746", "content_type": 7, "object_id": "a5c3b9b3-105a-4ced-9d38-48c80e51a4f5", "object_repr": "File object (a5c3b9b3-105a-4ced-9d38-48c80e51a4f5)", "action_flag": 3, "change_message": ""}}, {"model": "admin.logentry", "pk": 73, "fields": {"action_time": "2025-06-28T10:27:03.683Z", "user": "90c141ec-9ee1-482e-b64b-474c88ed5746", "content_type": 7, "object_id": "1d1fc70a-16c6-4705-8083-20ec28c04ecb", "object_repr": "File object (1d1fc70a-16c6-4705-8083-20ec28c04ecb)", "action_flag": 1, "change_message": "[{\"added\": {}}]"}}, {"model": "admin.logentry", "pk": 74, "fields": {"action_time": "2025-06-28T11:01:13.159Z", "user": "90c141ec-9ee1-482e-b64b-474c88ed5746", "content_type": 7, "object_id": "6cfc3097-cf45-4514-a543-07007a507afa", "object_repr": "File object (6cfc3097-cf45-4514-a543-07007a507afa)", "action_flag": 1, "change_message": "[{\"added\": {}}]"}}, {"model": "admin.logentry", "pk": 75, "fields": {"action_time": "2025-06-28T11:01:48.907Z", "user": "90c141ec-9ee1-482e-b64b-474c88ed5746", "content_type": 8, "object_id": "83c86772-1af0-4826-a082-7d035afe515f", "object_repr": "83c86772-1af0-4826-a082-7d035afe515f - A1 daraja", "action_flag": 1, "change_message": "[{\"added\": {}}]"}}, {"model": "admin.logentry", "pk": 76, "fields": {"action_time": "2025-06-28T11:01:59.583Z", "user": "90c141ec-9ee1-482e-b64b-474c88ed5746", "content_type": 8, "object_id": "a8463283-a46c-4720-a9d0-022b2b8341ba", "object_repr": "a8463283-a46c-4720-a9d0-022b2b8341ba - A2 daraja", "action_flag": 1, "change_message": "[{\"added\": {}}]"}}, {"model": "admin.logentry", "pk": 77, "fields": {"action_time": "2025-06-28T11:02:11.112Z", "user": "90c141ec-9ee1-482e-b64b-474c88ed5746", "content_type": 8, "object_id": "237ce973-1f37-419c-9cd9-78d39fdd0209", "object_repr": "237ce973-1f37-419c-9cd9-78d39fdd0209 - B1 daraja", "action_flag": 1, "change_message": "[{\"added\": {}}]"}}, {"model": "admin.logentry", "pk": 78, "fields": {"action_time": "2025-06-28T11:02:24.977Z", "user": "90c141ec-9ee1-482e-b64b-474c88ed5746", "content_type": 8, "object_id": "95f1bfde-fd91-4719-9a97-d43a77e58c3b", "object_repr": "95f1bfde-fd91-4719-9a97-d43a77e58c3b - Grammatika darslari", "action_flag": 1, "change_message": "[{\"added\": {}}]"}}, {"model": "admin.logentry", "pk": 79, "fields": {"action_time": "2025-06-28T11:02:34.707Z", "user": "90c141ec-9ee1-482e-b64b-474c88ed5746", "content_type": 9, "object_id": "ebc7ed00-1eb9-4f56-8501-3deb108dfcaa", "object_repr": "⭐ Standart ta’rif", "action_flag": 2, "change_message": "[{\"changed\": {\"fields\": [\"Photo\", \"Kursning darajalari\"]}}]"}}, {"model": "admin.logentry", "pk": 80, "fields": {"action_time": "2025-06-28T11:03:51.550Z", "user": "90c141ec-9ee1-482e-b64b-474c88ed5746", "content_type": 7, "object_id": "ab09de29-af61-4c73-b43b-f0c8a27b9f4a", "object_repr": "File object (ab09de29-af61-4c73-b43b-f0c8a27b9f4a)", "action_flag": 1, "change_message": "[{\"added\": {}}]"}}, {"model": "admin.logentry", "pk": 81, "fields": {"action_time": "2025-06-28T11:04:00.880Z", "user": "90c141ec-9ee1-482e-b64b-474c88ed5746", "content_type": 9, "object_id": "ebc7ed00-1eb9-4f56-8501-3deb108dfcaa", "object_repr": "⭐ Standart ta’rif", "action_flag": 2, "change_message": "[{\"changed\": {\"fields\": [\"Photo\"]}}]"}}, {"model": "admin.logentry", "pk": 82, "fields": {"action_time": "2025-06-28T11:09:28.814Z", "user": "90c141ec-9ee1-482e-b64b-474c88ed5746", "content_type": 8, "object_id": "484008ec-e049-49ca-85fb-64405d3ee01f", "object_repr": "484008ec-e049-49ca-85fb-64405d3ee01f - A1 daraja", "action_flag": 1, "change_message": "[{\"added\": {}}]"}}, {"model": "admin.logentry", "pk": 83, "fields": {"action_time": "2025-06-28T11:12:59.450Z", "user": "90c141ec-9ee1-482e-b64b-474c88ed5746", "content_type": 10, "object_id": "34e85849-b0d9-4dee-9f8b-c5a63d71cc66", "object_repr": "1-dars.Personalpronomen, Präsens und Vokalwechsel", "action_flag": 2, "change_message": "[{\"changed\": {\"fields\": [\"Kursning darajalari\"]}}]"}}, {"model": "admin.logentry", "pk": 84, "fields": {"action_time": "2025-06-28T11:15:57.228Z", "user": "90c141ec-9ee1-482e-b64b-474c88ed5746", "content_type": 10, "object_id": "34e85849-b0d9-4dee-9f8b-c5a63d71cc66", "object_repr": "1-dars.Personalpronomen, Präsens und Vokalwechsel", "action_flag": 2, "change_message": "[{\"changed\": {\"fields\": [\"Kursning darajalari\"]}}]"}}, {"model": "admin.logentry", "pk": 85, "fields": {"action_time": "2025-06-28T11:43:15.128Z", "user": "90c141ec-9ee1-482e-b64b-474c88ed5746", "content_type": 7, "object_id": "16579148-c108-41f4-8d8f-e60421299a95", "object_repr": "File object (16579148-c108-41f4-8d8f-e60421299a95)", "action_flag": 3, "change_message": ""}}, {"model": "admin.logentry", "pk": 86, "fields": {"action_time": "2025-06-28T11:43:55.471Z", "user": "90c141ec-9ee1-482e-b64b-474c88ed5746", "content_type": 7, "object_id": "bcdda1bc-c2b4-4428-80c6-ea94780e7751", "object_repr": "File object (bcdda1bc-c2b4-4428-80c6-ea94780e7751)", "action_flag": 1, "change_message": "[{\"added\": {}}]"}}, {"model": "admin.logentry", "pk": 87, "fields": {"action_time": "2025-06-28T11:46:12.192Z", "user": "90c141ec-9ee1-482e-b64b-474c88ed5746", "content_type": 9, "object_id": "4c6f469a-edfe-4df6-a535-ad2ecf27972c", "object_repr": "💫 Premium ta’rif", "action_flag": 2, "change_message": "[{\"changed\": {\"fields\": [\"Photo\", \"Kursning darajalari\"]}}]"}}, {"model": "admin.logentry", "pk": 88, "fields": {"action_time": "2025-06-28T11:46:32.290Z", "user": "90c141ec-9ee1-482e-b64b-474c88ed5746", "content_type": 7, "object_id": "d3261cbd-f1cf-4731-bdfd-25007e873014", "object_repr": "File object (d3261cbd-f1cf-4731-bdfd-25007e873014)", "action_flag": 3, "change_message": ""}}, {"model": "admin.logentry", "pk": 89, "fields": {"action_time": "2025-06-28T11:47:09.863Z", "user": "90c141ec-9ee1-482e-b64b-474c88ed5746", "content_type": 7, "object_id": "854b5911-7ec3-4e97-b42f-6aaf1f9bbb44", "object_repr": "File object (854b5911-7ec3-4e97-b42f-6aaf1f9bbb44)", "action_flag": 1, "change_message": "[{\"added\": {}}]"}}, {"model": "admin.logentry", "pk": 90, "fields": {"action_time": "2025-06-28T11:47:43.255Z", "user": "90c141ec-9ee1-482e-b64b-474c88ed5746", "content_type": 9, "object_id": "d40c3aca-8381-43dc-8d74-349822cf7b25", "object_repr": "👑 VIP ta’rif", "action_flag": 2, "change_message": "[{\"changed\": {\"fields\": [\"Photo\", \"Kursning darajalari\"]}}]"}}, {"model": "admin.logentry", "pk": 91, "fields": {"action_time": "2025-06-28T11:56:43.711Z", "user": "90c141ec-9ee1-482e-b64b-474c88ed5746", "content_type": 15, "object_id": "c5cf5087-4660-4c84-8bcc-8bbcfc0d4ab3", "object_repr": "monoroum_ca", "action_flag": 3, "change_message": ""}}, {"model": "admin.logentry", "pk": 92, "fields": {"action_time": "2025-06-28T11:58:37.891Z", "user": "90c141ec-9ee1-482e-b64b-474c88ed5746", "content_type": 15, "object_id": "0e908992-4074-4743-91de-b217688adaef", "object_repr": "https://t.me/+QgmyV8kJ25BhMDVi", "action_flag": 1, "change_message": "[{\"added\": {}}]"}}, {"model": "admin.logentry", "pk": 93, "fields": {"action_time": "2025-06-28T11:59:19.985Z", "user": "90c141ec-9ee1-482e-b64b-474c88ed5746", "content_type": 15, "object_id": "e8d4ab54-d7c3-42f5-b371-8a8429b1dfa5", "object_repr": "https://t.me/+MMDlcICWx20xZjhi", "action_flag": 1, "change_message": "[{\"added\": {}}]"}}, {"model": "admin.logentry", "pk": 94, "fields": {"action_time": "2025-06-28T12:00:04.008Z", "user": "90c141ec-9ee1-482e-b64b-474c88ed5746", "content_type": 15, "object_id": "de5807c7-9957-4c4b-9d86-5007f603929c", "object_repr": "https://t.me/+xD2-D3VWCWc0ZmIy", "action_flag": 1, "change_message": "[{\"added\": {}}]"}}, {"model": "admin.logentry", "pk": 95, "fields": {"action_time": "2025-06-28T12:00:45.145Z", "user": "90c141ec-9ee1-482e-b64b-474c88ed5746", "content_type": 15, "object_id": "89964914-03b3-4f39-ac60-3e88c1251a07", "object_repr": "https://t.me/+b4Ld1TxITFs3NzAy", "action_flag": 1, "change_message": "[{\"added\": {}}]"}}, {"model": "admin.logentry", "pk": 96, "fields": {"action_time": "2025-06-28T12:08:34.732Z", "user": "90c141ec-9ee1-482e-b64b-474c88ed5746", "content_type": 15, "object_id": "0e908992-4074-4743-91de-b217688adaef", "object_repr": "https://t.me/+QgmyV8kJ25BhMDVi", "action_flag": 2, "change_message": "[]"}}, {"model": "admin.logentry", "pk": 97, "fields": {"action_time": "2025-06-28T12:10:13.653Z", "user": "90c141ec-9ee1-482e-b64b-474c88ed5746", "content_type": 15, "object_id": "0e908992-4074-4743-91de-b217688adaef", "object_repr": "+QgmyV8kJ25BhMDVi", "action_flag": 2, "change_message": "[{\"changed\": {\"fields\": [\"Username\"]}}]"}}, {"model": "admin.logentry", "pk": 98, "fields": {"action_time": "2025-06-28T12:10:18.654Z", "user": "90c141ec-9ee1-482e-b64b-474c88ed5746", "content_type": 15, "object_id": "e8d4ab54-d7c3-42f5-b371-8a8429b1dfa5", "object_repr": "+MMDlcICWx20xZjhi", "action_flag": 2, "change_message": "[{\"changed\": {\"fields\": [\"Username\"]}}]"}}, {"model": "admin.logentry", "pk": 99, "fields": {"action_time": "2025-06-28T12:10:40.368Z", "user": "90c141ec-9ee1-482e-b64b-474c88ed5746", "content_type": 15, "object_id": "e8d4ab54-d7c3-42f5-b371-8a8429b1dfa5", "object_repr": "+MMDlcICWx20xZjhi", "action_flag": 2, "change_message": "[]"}}, {"model": "admin.logentry", "pk": 100, "fields": {"action_time": "2025-06-28T12:10:44.263Z", "user": "90c141ec-9ee1-482e-b64b-474c88ed5746", "content_type": 15, "object_id": "de5807c7-9957-4c4b-9d86-5007f603929c", "object_repr": "+xD2-D3VWCWc0ZmIy", "action_flag": 2, "change_message": "[{\"changed\": {\"fields\": [\"Username\"]}}]"}}, {"model": "admin.logentry", "pk": 101, "fields": {"action_time": "2025-06-28T12:10:47.754Z", "user": "90c141ec-9ee1-482e-b64b-474c88ed5746", "content_type": 15, "object_id": "89964914-03b3-4f39-ac60-3e88c1251a07", "object_repr": "+b4Ld1TxITFs3NzAy", "action_flag": 2, "change_message": "[{\"changed\": {\"fields\": [\"Username\"]}}]"}}, {"model": "admin.logentry", "pk": 102, "fields": {"action_time": "2025-06-28T12:11:01.474Z", "user": "90c141ec-9ee1-482e-b64b-474c88ed5746", "content_type": 15, "object_id": "0e908992-4074-4743-91de-b217688adaef", "object_repr": "+QgmyV8kJ25BhMDVi", "action_flag": 2, "change_message": "[]"}}, {"model": "admin.logentry", "pk": 103, "fields": {"action_time": "2025-06-28T12:17:36.177Z", "user": "90c141ec-9ee1-482e-b64b-474c88ed5746", "content_type": 15, "object_id": "e8d4ab54-d7c3-42f5-b371-8a8429b1dfa5", "object_repr": "+MMDlcICWx20xZjhi", "action_flag": 3, "change_message": ""}}, {"model": "admin.logentry", "pk": 104, "fields": {"action_time": "2025-06-28T12:17:36.177Z", "user": "90c141ec-9ee1-482e-b64b-474c88ed5746", "content_type": 15, "object_id": "de5807c7-9957-4c4b-9d86-5007f603929c", "object_repr": "+xD2-D3VWCWc0ZmIy", "action_flag": 3, "change_message": ""}}, {"model": "admin.logentry", "pk": 105, "fields": {"action_time": "2025-06-28T12:17:36.177Z", "user": "90c141ec-9ee1-482e-b64b-474c88ed5746", "content_type": 15, "object_id": "89964914-03b3-4f39-ac60-3e88c1251a07", "object_repr": "+b4Ld1TxITFs3NzAy", "action_flag": 3, "change_message": ""}}, {"model": "admin.logentry", "pk": 106, "fields": {"action_time": "2025-06-28T12:17:36.177Z", "user": "90c141ec-9ee1-482e-b64b-474c88ed5746", "content_type": 15, "object_id": "0e908992-4074-4743-91de-b217688adaef", "object_repr": "+QgmyV8kJ25BhMDVi", "action_flag": 3, "change_message": ""}}, {"model": "admin.logentry", "pk": 107, "fields": {"action_time": "2025-06-28T12:28:39.471Z", "user": "90c141ec-9ee1-482e-b64b-474c88ed5746", "content_type": 9, "object_id": "ebc7ed00-1eb9-4f56-8501-3deb108dfcaa", "object_repr": "⭐ Standart ta’rif", "action_flag": 2, "change_message": "[{\"changed\": {\"fields\": [\"Kursning darajalari\"]}}]"}}, {"model": "admin.logentry", "pk": 108, "fields": {"action_time": "2025-06-28T12:28:51.646Z", "user": "90c141ec-9ee1-482e-b64b-474c88ed5746", "content_type": 9, "object_id": "4c6f469a-edfe-4df6-a535-ad2ecf27972c", "object_repr": "💫 Premium ta’rif", "action_flag": 2, "change_message": "[{\"changed\": {\"fields\": [\"Kursning darajalari\"]}}]"}}, {"model": "admin.logentry", "pk": 109, "fields": {"action_time": "2025-06-28T12:29:03.953Z", "user": "90c141ec-9ee1-482e-b64b-474c88ed5746", "content_type": 9, "object_id": "d40c3aca-8381-43dc-8d74-349822cf7b25", "object_repr": "👑 VIP ta’rif", "action_flag": 2, "change_message": "[{\"changed\": {\"fields\": [\"Kursning darajalari\"]}}]"}}, {"model": "admin.logentry", "pk": 110, "fields": {"action_time": "2025-06-28T12:30:48.559Z", "user": "90c141ec-9ee1-482e-b64b-474c88ed5746", "content_type": 10, "object_id": "34e85849-b0d9-4dee-9f8b-c5a63d71cc66", "object_repr": "1-dars.Personalpronomen, Präsens und Vokalwechsel", "action_flag": 3, "change_message": ""}}, {"model": "admin.logentry", "pk": 111, "fields": {"action_time": "2025-06-28T12:34:27.758Z", "user": "90c141ec-9ee1-482e-b64b-474c88ed5746", "content_type": 14, "object_id": "18b57f15-be57-4ed3-a478-900064aa477a", "object_repr": "https://t.me/c/2768244801/5", "action_flag": 1, "change_message": "[{\"added\": {}}]"}}, {"model": "admin.logentry", "pk": 112, "fields": {"action_time": "2025-06-28T12:41:15.186Z", "user": "90c141ec-9ee1-482e-b64b-474c88ed5746", "content_type": 10, "object_id": "0c71f8cf-5ba4-4a0a-a2fb-c8e6c0e1ba0f", "object_repr": "Das Alphabet", "action_flag": 1, "change_message": "[{\"added\": {}}]"}}, {"model": "admin.logentry", "pk": 113, "fields": {"action_time": "2025-06-28T12:50:49.139Z", "user": "90c141ec-9ee1-482e-b64b-474c88ed5746", "content_type": 7, "object_id": "52f2f678-7097-4db5-a972-7395f99bda79", "object_repr": "File object (52f2f678-7097-4db5-a972-7395f99bda79)", "action_flag": 1, "change_message": "[{\"added\": {}}]"}}, {"model": "admin.logentry", "pk": 114, "fields": {"action_time": "2025-06-28T12:51:11.590Z", "user": "90c141ec-9ee1-482e-b64b-474c88ed5746", "content_type": 7, "object_id": "e1829564-1373-4053-b99c-68a7dbff9a7c", "object_repr": "File object (e1829564-1373-4053-b99c-68a7dbff9a7c)", "action_flag": 1, "change_message": "[{\"added\": {}}]"}}, {"model": "admin.logentry", "pk": 115, "fields": {"action_time": "2025-06-28T12:51:33.591Z", "user": "90c141ec-9ee1-482e-b64b-474c88ed5746", "content_type": 10, "object_id": "0c71f8cf-5ba4-4a0a-a2fb-c8e6c0e1ba0f", "object_repr": "Das Alphabet", "action_flag": 2, "change_message": "[{\"changed\": {\"fields\": [\"Materials\"]}}]"}}, {"model": "admin.logentry", "pk": 116, "fields": {"action_time": "2025-06-28T12:52:52.143Z", "user": "90c141ec-9ee1-482e-b64b-474c88ed5746", "content_type": 10, "object_id": "0c71f8cf-5ba4-4a0a-a2fb-c8e6c0e1ba0f", "object_repr": "Das Alphabet", "action_flag": 2, "change_message": "[]"}}, {"model": "admin.logentry", "pk": 117, "fields": {"action_time": "2025-06-28T12:55:05.422Z", "user": "90c141ec-9ee1-482e-b64b-474c88ed5746", "content_type": 9, "object_id": "ebc7ed00-1eb9-4f56-8501-3deb108dfcaa", "object_repr": "⭐ Standart ta’rif", "action_flag": 2, "change_message": "[]"}}, {"model": "admin.logentry", "pk": 118, "fields": {"action_time": "2025-06-28T12:55:17.535Z", "user": "90c141ec-9ee1-482e-b64b-474c88ed5746", "content_type": 9, "object_id": "4c6f469a-edfe-4df6-a535-ad2ecf27972c", "object_repr": "💫 Premium ta’rif", "action_flag": 2, "change_message": "[]"}}, {"model": "admin.logentry", "pk": 119, "fields": {"action_time": "2025-06-28T12:55:29.813Z", "user": "90c141ec-9ee1-482e-b64b-474c88ed5746", "content_type": 9, "object_id": "d40c3aca-8381-43dc-8d74-349822cf7b25", "object_repr": "👑 VIP ta’rif", "action_flag": 2, "change_message": "[]"}}, {"model": "admin.logentry", "pk": 120, "fields": {"action_time": "2025-06-28T12:56:26.932Z", "user": "90c141ec-9ee1-482e-b64b-474c88ed5746", "content_type": 10, "object_id": "0c71f8cf-5ba4-4a0a-a2fb-c8e6c0e1ba0f", "object_repr": "Das Alphabet", "action_flag": 2, "change_message": "[]"}}, {"model": "admin.logentry", "pk": 121, "fields": {"action_time": "2025-06-28T12:56:27.285Z", "user": "90c141ec-9ee1-482e-b64b-474c88ed5746", "content_type": 10, "object_id": "0c71f8cf-5ba4-4a0a-a2fb-c8e6c0e1ba0f", "object_repr": "Das Alphabet", "action_flag": 2, "change_message": "[]"}}, {"model": "admin.logentry", "pk": 122, "fields": {"action_time": "2025-06-28T14:02:44.635Z", "user": "90c141ec-9ee1-482e-b64b-474c88ed5746", "content_type": 10, "object_id": "0c71f8cf-5ba4-4a0a-a2fb-c8e6c0e1ba0f", "object_repr": "Das Alphabet", "action_flag": 2, "change_message": "[]"}}, {"model": "admin.logentry", "pk": 123, "fields": {"action_time": "2025-06-28T14:02:58.638Z", "user": "90c141ec-9ee1-482e-b64b-474c88ed5746", "content_type": 10, "object_id": "0c71f8cf-5ba4-4a0a-a2fb-c8e6c0e1ba0f", "object_repr": "Das Alphabet", "action_flag": 2, "change_message": "[{\"changed\": {\"fields\": [\"Course\"]}}]"}}, {"model": "admin.logentry", "pk": 124, "fields": {"action_time": "2025-06-28T14:05:33.202Z", "user": "90c141ec-9ee1-482e-b64b-474c88ed5746", "content_type": 7, "object_id": "e1829564-1373-4053-b99c-68a7dbff9a7c", "object_repr": "File object (e1829564-1373-4053-b99c-68a7dbff9a7c)", "action_flag": 3, "change_message": ""}}, {"model": "admin.logentry", "pk": 125, "fields": {"action_time": "2025-06-28T14:05:59.762Z", "user": "90c141ec-9ee1-482e-b64b-474c88ed5746", "content_type": 7, "object_id": "48d0e791-e1d5-4245-bc5c-1682d9e2c37e", "object_repr": "File object (48d0e791-e1d5-4245-bc5c-1682d9e2c37e)", "action_flag": 1, "change_message": "[{\"added\": {}}]"}}, {"model": "admin.logentry", "pk": 126, "fields": {"action_time": "2025-06-28T14:06:32.578Z", "user": "90c141ec-9ee1-482e-b64b-474c88ed5746", "content_type": 10, "object_id": "0c71f8cf-5ba4-4a0a-a2fb-c8e6c0e1ba0f", "object_repr": "Das Alphabet", "action_flag": 2, "change_message": "[{\"changed\": {\"fields\": [\"Materials\"]}}]"}}, {"model": "admin.logentry", "pk": 127, "fields": {"action_time": "2025-06-28T14:07:59.692Z", "user": "90c141ec-9ee1-482e-b64b-474c88ed5746", "content_type": 10, "object_id": "0c71f8cf-5ba4-4a0a-a2fb-c8e6c0e1ba0f", "object_repr": "Das Alphabet", "action_flag": 3, "change_message": ""}}, {"model": "admin.logentry", "pk": 128, "fields": {"action_time": "2025-06-28T14:09:04.163Z", "user": "90c141ec-9ee1-482e-b64b-474c88ed5746", "content_type": 7, "object_id": "6a1c5e93-d666-49fd-b46b-20d2bac1d62d", "object_repr": "File object (6a1c5e93-d666-49fd-b46b-20d2bac1d62d)", "action_flag": 1, "change_message": "[{\"added\": {}}]"}}, {"model": "admin.logentry", "pk": 129, "fields": {"action_time": "2025-06-28T14:10:27.354Z", "user": "90c141ec-9ee1-482e-b64b-474c88ed5746", "content_type": 14, "object_id": "38155dfd-4538-477c-b1cf-92c08f107bf3", "object_repr": "https://t.me/c/2768244801/5", "action_flag": 1, "change_message": "[{\"added\": {}}]"}}, {"model": "admin.logentry", "pk": 130, "fields": {"action_time": "2025-06-28T14:10:34.708Z", "user": "90c141ec-9ee1-482e-b64b-474c88ed5746", "content_type": 10, "object_id": "8b020eef-7a92-4f1a-9e23-bba3957d0e6c", "object_repr": "Das Alphabet", "action_flag": 1, "change_message": "[{\"added\": {}}]"}}, {"model": "admin.logentry", "pk": 131, "fields": {"action_time": "2025-06-28T14:11:07.562Z", "user": "90c141ec-9ee1-482e-b64b-474c88ed5746", "content_type": 7, "object_id": "6a1c5e93-d666-49fd-b46b-20d2bac1d62d", "object_repr": "File object (6a1c5e93-d666-49fd-b46b-20d2bac1d62d)", "action_flag": 3, "change_message": ""}}, {"model": "admin.logentry", "pk": 132, "fields": {"action_time": "2025-06-28T14:11:14.472Z", "user": "90c141ec-9ee1-482e-b64b-474c88ed5746", "content_type": 10, "object_id": "8b020eef-7a92-4f1a-9e23-bba3957d0e6c", "object_repr": "Das Alphabet", "action_flag": 2, "change_message": "[]"}}, {"model": "admin.logentry", "pk": 133, "fields": {"action_time": "2025-06-28T14:13:34.526Z", "user": "90c141ec-9ee1-482e-b64b-474c88ed5746", "content_type": 10, "object_id": "8b020eef-7a92-4f1a-9e23-bba3957d0e6c", "object_repr": "1-dars.Das Alphabet", "action_flag": 2, "change_message": "[{\"changed\": {\"fields\": [\"Name\"]}}]"}}, {"model": "admin.logentry", "pk": 134, "fields": {"action_time": "2025-06-28T14:15:18.465Z", "user": "90c141ec-9ee1-482e-b64b-474c88ed5746", "content_type": 14, "object_id": "ae27b874-f913-4a96-a4fd-a5bcef00fe39", "object_repr": "https://t.me/c/2768244801/51", "action_flag": 1, "change_message": "[{\"added\": {}}]"}}, {"model": "admin.logentry", "pk": 135, "fields": {"action_time": "2025-06-28T14:27:46.828Z", "user": "90c141ec-9ee1-482e-b64b-474c88ed5746", "content_type": 10, "object_id": "f9f440a8-e118-4765-aacf-bf4c5f7ae79c", "object_repr": "2-dars.Spektrum 1.Kapitel", "action_flag": 1, "change_message": "[{\"added\": {}}]"}}, {"model": "admin.logentry", "pk": 136, "fields": {"action_time": "2025-06-28T14:31:21.695Z", "user": "90c141ec-9ee1-482e-b64b-474c88ed5746", "content_type": 9, "object_id": "d40c3aca-8381-43dc-8d74-349822cf7b25", "object_repr": "👑 VIP ta’rif", "action_flag": 2, "change_message": "[{\"changed\": {\"fields\": [\"Description\"]}}]"}}, {"model": "admin.logentry", "pk": 137, "fields": {"action_time": "2025-06-28T14:31:49.461Z", "user": "90c141ec-9ee1-482e-b64b-474c88ed5746", "content_type": 9, "object_id": "4c6f469a-edfe-4df6-a535-ad2ecf27972c", "object_repr": "💫 Premium ta’rif", "action_flag": 2, "change_message": "[{\"changed\": {\"fields\": [\"Description\"]}}]"}}, {"model": "admin.logentry", "pk": 138, "fields": {"action_time": "2025-06-28T14:34:05.662Z", "user": "90c141ec-9ee1-482e-b64b-474c88ed5746", "content_type": 9, "object_id": "b38e0f46-a039-435e-af05-50f1569bd250", "object_repr": "💫 Premium ta’rif", "action_flag": 1, "change_message": "[{\"added\": {}}]"}}, {"model": "admin.logentry", "pk": 139, "fields": {"action_time": "2025-06-28T14:34:54.398Z", "user": "90c141ec-9ee1-482e-b64b-474c88ed5746", "content_type": 9, "object_id": "a7f44eeb-8bf2-441f-a7b0-cc98e558d52a", "object_repr": "👑 VIP ta’rif", "action_flag": 1, "change_message": "[{\"added\": {}}]"}}, {"model": "admin.logentry", "pk": 140, "fields": {"action_time": "2025-06-28T14:35:03.768Z", "user": "90c141ec-9ee1-482e-b64b-474c88ed5746", "content_type": 10, "object_id": "8b020eef-7a92-4f1a-9e23-bba3957d0e6c", "object_repr": "1-dars.Das Alphabet", "action_flag": 2, "change_message": "[{\"changed\": {\"fields\": [\"Course\"]}}]"}}, {"model": "admin.logentry", "pk": 141, "fields": {"action_time": "2025-06-28T14:40:33.378Z", "user": "90c141ec-9ee1-482e-b64b-474c88ed5746", "content_type": 9, "object_id": "b38e0f46-a039-435e-af05-50f1569bd250", "object_repr": "💫 Premium ta’rif", "action_flag": 3, "change_message": ""}}, {"model": "admin.logentry", "pk": 142, "fields": {"action_time": "2025-06-28T14:40:33.378Z", "user": "90c141ec-9ee1-482e-b64b-474c88ed5746", "content_type": 9, "object_id": "a7f44eeb-8bf2-441f-a7b0-cc98e558d52a", "object_repr": "👑 VIP ta’rif", "action_flag": 3, "change_message": ""}}, {"model": "admin.logentry", "pk": 143, "fields": {"action_time": "2025-06-28T14:40:54.557Z", "user": "90c141ec-9ee1-482e-b64b-474c88ed5746", "content_type": 10, "object_id": "8b020eef-7a92-4f1a-9e23-bba3957d0e6c", "object_repr": "1-dars.Das Alphabet", "action_flag": 2, "change_message": "[{\"changed\": {\"fields\": [\"Course\"]}}]"}}, {"model": "admin.logentry", "pk": 144, "fields": {"action_time": "2025-06-28T14:44:00.274Z", "user": "90c141ec-9ee1-482e-b64b-474c88ed5746", "content_type": 14, "object_id": "f48729b1-130f-4394-8280-809e79418f20", "object_repr": "https://t.me/c/2768244801/54", "action_flag": 1, "change_message": "[{\"added\": {}}]"}}, {"model": "admin.logentry", "pk": 145, "fields": {"action_time": "2025-06-28T14:44:03.848Z", "user": "90c141ec-9ee1-482e-b64b-474c88ed5746", "content_type": 10, "object_id": "92cd1eec-df82-46cd-b33a-ce59f4ab2513", "object_repr": "Spektrum  A1   1.Kapitel", "action_flag": 1, "change_message": "[{\"added\": {}}]"}}, {"model": "admin.logentry", "pk": 146, "fields": {"action_time": "2025-06-28T14:44:16.093Z", "user": "90c141ec-9ee1-482e-b64b-474c88ed5746", "content_type": 10, "object_id": "f9f440a8-e118-4765-aacf-bf4c5f7ae79c", "object_repr": "2-dars.Spektrum  A1  1.Kapitel", "action_flag": 2, "change_message": "[{\"changed\": {\"fields\": [\"Name\"]}}]"}}, {"model": "admin.logentry", "pk": 147, "fields": {"action_time": "2025-06-28T14:44:35.690Z", "user": "90c141ec-9ee1-482e-b64b-474c88ed5746", "content_type": 10, "object_id": "92cd1eec-df82-46cd-b33a-ce59f4ab2513", "object_repr": "3-dars. Spektrum  A1   1.Kapitel", "action_flag": 2, "change_message": "[{\"changed\": {\"fields\": [\"Name\"]}}]"}}, {"model": "admin.logentry", "pk": 148, "fields": {"action_time": "2025-06-28T14:46:18.098Z", "user": "90c141ec-9ee1-482e-b64b-474c88ed5746", "content_type": 14, "object_id": "9a6b6631-af44-4bb9-ac60-435c2f0e717d", "object_repr": "https://t.me/c/2768244801/57", "action_flag": 1, "change_message": "[{\"added\": {}}]"}}, {"model": "admin.logentry", "pk": 149, "fields": {"action_time": "2025-06-28T14:46:21.031Z", "user": "90c141ec-9ee1-482e-b64b-474c88ed5746", "content_type": 10, "object_id": "c8f5c718-38f7-40b6-8716-04e0c7d808c7", "object_repr": "4-dars. Spektrum A1  1.Kapitel", "action_flag": 1, "change_message": "[{\"added\": {}}]"}}, {"model": "admin.logentry", "pk": 150, "fields": {"action_time": "2025-06-28T14:49:18.287Z", "user": "90c141ec-9ee1-482e-b64b-474c88ed5746", "content_type": 14, "object_id": "750973d9-fb49-4326-ad21-414dd9d0ee86", "object_repr": "https://t.me/c/2611547841/2", "action_flag": 1, "change_message": "[{\"added\": {}}]"}}, {"model": "admin.logentry", "pk": 151, "fields": {"action_time": "2025-06-28T14:49:24.657Z", "user": "90c141ec-9ee1-482e-b64b-474c88ed5746", "content_type": 10, "object_id": "92cd1eec-df82-46cd-b33a-ce59f4ab2513", "object_repr": "3-dars. Personalpronomen, Präsens und Vokalwechsel", "action_flag": 2, "change_message": "[{\"changed\": {\"fields\": [\"Name\", \"Description\", \"Video\"]}}]"}}, {"model": "admin.logentry", "pk": 152, "fields": {"action_time": "2025-06-28T14:50:44.844Z", "user": "90c141ec-9ee1-482e-b64b-474c88ed5746", "content_type": 14, "object_id": "b57eb6f3-5736-4b82-b17b-01be3ac5b855", "object_repr": "https://t.me/c/2768244801/54", "action_flag": 1, "change_message": "[{\"added\": {}}]"}}, {"model": "admin.logentry", "pk": 153, "fields": {"action_time": "2025-06-28T14:52:38.270Z", "user": "90c141ec-9ee1-482e-b64b-474c88ed5746", "content_type": 14, "object_id": "9f3c3404-4b47-40d0-8778-3281d63ee0a6", "object_repr": "https://t.me/c/2768244801/54", "action_flag": 1, "change_message": "[{\"added\": {}}]"}}, {"model": "admin.logentry", "pk": 154, "fields": {"action_time": "2025-06-28T14:52:44.148Z", "user": "90c141ec-9ee1-482e-b64b-474c88ed5746", "content_type": 10, "object_id": "c8f5c718-38f7-40b6-8716-04e0c7d808c7", "object_repr": "4-dars. Spektrum A1  1.Kapitel", "action_flag": 2, "change_message": "[{\"changed\": {\"fields\": [\"Video\", \"Link\"]}}]"}}, {"model": "admin.logentry", "pk": 155, "fields": {"action_time": "2025-06-28T14:56:32.622Z", "user": "90c141ec-9ee1-482e-b64b-474c88ed5746", "content_type": 14, "object_id": "99b87741-3983-4ab4-b4cf-e94e9b16def8", "object_repr": "https://t.me/c/2611547841/4", "action_flag": 1, "change_message": "[{\"added\": {}}]"}}, {"model": "admin.logentry", "pk": 156, "fields": {"action_time": "2025-06-28T14:56:58.074Z", "user": "90c141ec-9ee1-482e-b64b-474c88ed5746", "content_type": 9, "object_id": "ebc7ed00-1eb9-4f56-8501-3deb108dfcaa", "object_repr": "⭐ Standart ta’rif", "action_flag": 3, "change_message": ""}}, {"model": "admin.logentry", "pk": 157, "fields": {"action_time": "2025-06-28T14:57:36.534Z", "user": "90c141ec-9ee1-482e-b64b-474c88ed5746", "content_type": 10, "object_id": "88b3882f-1447-4134-b98e-3a5ba639a7bf", "object_repr": "5-dars. Sein und Haben", "action_flag": 1, "change_message": "[{\"added\": {}}]"}}, {"model": "admin.logentry", "pk": 158, "fields": {"action_time": "2025-06-28T14:59:20.829Z", "user": "90c141ec-9ee1-482e-b64b-474c88ed5746", "content_type": 10, "object_id": "88b3882f-1447-4134-b98e-3a5ba639a7bf", "object_repr": "5-dars. Sein und Haben", "action_flag": 3, "change_message": ""}}, {"model": "admin.logentry", "pk": 159, "fields": {"action_time": "2025-06-28T15:06:52.827Z", "user": "90c141ec-9ee1-482e-b64b-474c88ed5746", "content_type": 9, "object_id": "d4cf2726-2203-4f7b-87af-e90f4cd75ac2", "object_repr": "⭐ Standart ta’rif", "action_flag": 1, "change_message": "[{\"added\": {}}]"}}, {"model": "admin.logentry", "pk": 160, "fields": {"action_time": "2025-06-28T15:11:20.010Z", "user": "90c141ec-9ee1-482e-b64b-474c88ed5746", "content_type": 9, "object_id": "d4cf2726-2203-4f7b-87af-e90f4cd75ac2", "object_repr": "⭐ Standart ta’rif", "action_flag": 2, "change_message": "[{\"changed\": {\"fields\": [\"Description\"]}}]"}}, {"model": "admin.logentry", "pk": 161, "fields": {"action_time": "2025-06-28T15:12:18.028Z", "user": "90c141ec-9ee1-482e-b64b-474c88ed5746", "content_type": 9, "object_id": "4c6f469a-edfe-4df6-a535-ad2ecf27972c", "object_repr": "💫 Premium ta’rif", "action_flag": 3, "change_message": ""}}, {"model": "admin.logentry", "pk": 162, "fields": {"action_time": "2025-06-28T15:12:18.028Z", "user": "90c141ec-9ee1-482e-b64b-474c88ed5746", "content_type": 9, "object_id": "d40c3aca-8381-43dc-8d74-349822cf7b25", "object_repr": "👑 VIP ta’rif", "action_flag": 3, "change_message": ""}}, {"model": "admin.logentry", "pk": 163, "fields": {"action_time": "2025-06-28T15:13:55.333Z", "user": "90c141ec-9ee1-482e-b64b-474c88ed5746", "content_type": 9, "object_id": "5d5414ee-4d80-4021-b4fa-a46bb2cbd511", "object_repr": "💫 Premium ta’rif", "action_flag": 1, "change_message": "[{\"added\": {}}]"}}, {"model": "admin.logentry", "pk": 164, "fields": {"action_time": "2025-06-28T15:15:33.069Z", "user": "90c141ec-9ee1-482e-b64b-474c88ed5746", "content_type": 9, "object_id": "af31e030-a504-40a3-8443-50ac48e609fa", "object_repr": "👑 VIP ta’rif", "action_flag": 1, "change_message": "[{\"added\": {}}]"}}, {"model": "admin.logentry", "pk": 165, "fields": {"action_time": "2025-06-28T15:16:59.592Z", "user": "90c141ec-9ee1-482e-b64b-474c88ed5746", "content_type": 10, "object_id": "8b020eef-7a92-4f1a-9e23-bba3957d0e6c", "object_repr": "1-dars.Das Alphabet", "action_flag": 2, "change_message": "[{\"changed\": {\"fields\": [\"Course\"]}}]"}}, {"model": "admin.logentry", "pk": 166, "fields": {"action_time": "2025-06-28T15:17:12.302Z", "user": "90c141ec-9ee1-482e-b64b-474c88ed5746", "content_type": 10, "object_id": "f9f440a8-e118-4765-aacf-bf4c5f7ae79c", "object_repr": "2-dars.Spektrum  A1  1.Kapitel", "action_flag": 2, "change_message": "[{\"changed\": {\"fields\": [\"Course\"]}}]"}}, {"model": "admin.logentry", "pk": 167, "fields": {"action_time": "2025-06-28T15:17:25.046Z", "user": "90c141ec-9ee1-482e-b64b-474c88ed5746", "content_type": 10, "object_id": "92cd1eec-df82-46cd-b33a-ce59f4ab2513", "object_repr": "3-dars. Personalpronomen, Präsens und Vokalwechsel", "action_flag": 2, "change_message": "[{\"changed\": {\"fields\": [\"Course\"]}}]"}}, {"model": "admin.logentry", "pk": 168, "fields": {"action_time": "2025-06-28T15:17:39.476Z", "user": "90c141ec-9ee1-482e-b64b-474c88ed5746", "content_type": 10, "object_id": "c8f5c718-38f7-40b6-8716-04e0c7d808c7", "object_repr": "4-dars. Spektrum A1  1.Kapitel", "action_flag": 2, "change_message": "[{\"changed\": {\"fields\": [\"Course\"]}}]"}}, {"model": "admin.logentry", "pk": 169, "fields": {"action_time": "2025-06-28T15:18:43.087Z", "user": "90c141ec-9ee1-482e-b64b-474c88ed5746", "content_type": 14, "object_id": "19351d9a-a76d-4d9f-8aec-f4db56158b04", "object_repr": "https://t.me/c/2768244801/57", "action_flag": 1, "change_message": "[{\"added\": {}}]"}}, {"model": "admin.logentry", "pk": 170, "fields": {"action_time": "2025-06-28T15:20:54.977Z", "user": "90c141ec-9ee1-482e-b64b-474c88ed5746", "content_type": 14, "object_id": "a1d8475e-ef39-4aa8-8b65-3069beca601a", "object_repr": "https://t.me/c/2611547841/4", "action_flag": 1, "change_message": "[{\"added\": {}}]"}}, {"model": "admin.logentry", "pk": 171, "fields": {"action_time": "2025-06-28T15:21:24.187Z", "user": "90c141ec-9ee1-482e-b64b-474c88ed5746", "content_type": 10, "object_id": "580b575c-698c-4a2b-86b9-16b2ad7106e0", "object_repr": "5-dars.  Sein und Haben", "action_flag": 1, "change_message": "[{\"added\": {}}]"}}, {"model": "admin.logentry", "pk": 172, "fields": {"action_time": "2025-06-28T15:22:44.274Z", "user": "90c141ec-9ee1-482e-b64b-474c88ed5746", "content_type": 14, "object_id": "6977d59b-bac1-452f-8bed-1162c72e5eb3", "object_repr": "https://t.me/c/2768244801/57", "action_flag": 1, "change_message": "[{\"added\": {}}]"}}, {"model": "admin.logentry", "pk": 173, "fields": {"action_time": "2025-06-28T15:23:53.499Z", "user": "90c141ec-9ee1-482e-b64b-474c88ed5746", "content_type": 10, "object_id": "3f14e249-ce7a-4825-8815-a5999db91ce2", "object_repr": "6-dars. Spektrum A1 1. Kapitel", "action_flag": 1, "change_message": "[{\"added\": {}}]"}}, {"model": "admin.logentry", "pk": 174, "fields": {"action_time": "2025-06-28T15:25:39.795Z", "user": "90c141ec-9ee1-482e-b64b-474c88ed5746", "content_type": 14, "object_id": "cb21a1b9-7752-41b4-88cc-5505cf85c2bc", "object_repr": "https://t.me/c/2611547841/6", "action_flag": 1, "change_message": "[{\"added\": {}}]"}}, {"model": "admin.logentry", "pk": 175, "fields": {"action_time": "2025-06-28T15:25:43.238Z", "user": "90c141ec-9ee1-482e-b64b-474c88ed5746", "content_type": 10, "object_id": "427f562d-9ca7-4b45-a812-521b3c569e98", "object_repr": "7-dars.Modalverben", "action_flag": 1, "change_message": "[{\"added\": {}}]"}}, {"model": "admin.logentry", "pk": 176, "fields": {"action_time": "2025-06-28T15:27:21.539Z", "user": "90c141ec-9ee1-482e-b64b-474c88ed5746", "content_type": 14, "object_id": "b19f2169-0302-4add-a705-a0ae19a3f669", "object_repr": "https://t.me/c/2768244801/76", "action_flag": 1, "change_message": "[{\"added\": {}}]"}}, {"model": "admin.logentry", "pk": 177, "fields": {"action_time": "2025-06-28T15:27:25.709Z", "user": "90c141ec-9ee1-482e-b64b-474c88ed5746", "content_type": 10, "object_id": "27b061a2-1bae-4034-bbaa-72d8d2b53572", "object_repr": "8-dars. Spektrum A1 2.Kapitel", "action_flag": 1, "change_message": "[{\"added\": {}}]"}}, {"model": "admin.logentry", "pk": 178, "fields": {"action_time": "2025-06-28T15:27:52.153Z", "user": "90c141ec-9ee1-482e-b64b-474c88ed5746", "content_type": 10, "object_id": "27b061a2-1bae-4034-bbaa-72d8d2b53572", "object_repr": "8-dars. Spektrum A1 2.Kapitel", "action_flag": 2, "change_message": "[{\"changed\": {\"fields\": [\"Link\"]}}]"}}, {"model": "admin.logentry", "pk": 179, "fields": {"action_time": "2025-06-28T15:32:12.557Z", "user": "90c141ec-9ee1-482e-b64b-474c88ed5746", "content_type": 10, "object_id": "27b061a2-1bae-4034-bbaa-72d8d2b53572", "object_repr": "8-dars. Spektrum A1 2.Kapitel", "action_flag": 2, "change_message": "[]"}}, {"model": "admin.logentry", "pk": 180, "fields": {"action_time": "2025-06-28T15:33:44.251Z", "user": "90c141ec-9ee1-482e-b64b-474c88ed5746", "content_type": 14, "object_id": "543604e2-ecf2-4536-9016-dab911ea668f", "object_repr": "https://t.me/c/2611547841/8", "action_flag": 1, "change_message": "[{\"added\": {}}]"}}, {"model": "admin.logentry", "pk": 181, "fields": {"action_time": "2025-06-28T15:33:47.193Z", "user": "90c141ec-9ee1-482e-b64b-474c88ed5746", "content_type": 10, "object_id": "2d58aefd-0e49-4a9e-bdec-3310222f08e0", "object_repr": "9-dars. Trennbare und untrennbare Verben", "action_flag": 1, "change_message": "[{\"added\": {}}]"}}, {"model": "admin.logentry", "pk": 182, "fields": {"action_time": "2025-06-28T15:34:20.338Z", "user": "90c141ec-9ee1-482e-b64b-474c88ed5746", "content_type": 14, "object_id": "c9ed67c7-1af3-48c3-880e-3db5eab7df7d", "object_repr": "https://t.me/c/2768244801/78", "action_flag": 1, "change_message": "[{\"added\": {}}]"}}, {"model": "admin.logentry", "pk": 183, "fields": {"action_time": "2025-06-28T15:35:49.223Z", "user": "90c141ec-9ee1-482e-b64b-474c88ed5746", "content_type": 10, "object_id": "bcc7d3fe-edef-4d60-a28b-b57b63e742e3", "object_repr": "10-dars. Spektrum A1 2.Kapitel (2-qism)", "action_flag": 1, "change_message": "[{\"added\": {}}]"}}, {"model": "admin.logentry", "pk": 184, "fields": {"action_time": "2025-06-28T15:36:05.783Z", "user": "90c141ec-9ee1-482e-b64b-474c88ed5746", "content_type": 10, "object_id": "27b061a2-1bae-4034-bbaa-72d8d2b53572", "object_repr": "8-dars. Spektrum A1 2.Kapitel (1-qism)", "action_flag": 2, "change_message": "[{\"changed\": {\"fields\": [\"Name\"]}}]"}}, {"model": "admin.logentry", "pk": 185, "fields": {"action_time": "2025-06-28T15:36:27.467Z", "user": "90c141ec-9ee1-482e-b64b-474c88ed5746", "content_type": 10, "object_id": "f9f440a8-e118-4765-aacf-bf4c5f7ae79c", "object_repr": "2-dars.Spektrum  A1  1.Kapitel (1-qism)", "action_flag": 2, "change_message": "[{\"changed\": {\"fields\": [\"Name\"]}}]"}}, {"model": "admin.logentry", "pk": 186, "fields": {"action_time": "2025-06-28T15:36:41.170Z", "user": "90c141ec-9ee1-482e-b64b-474c88ed5746", "content_type": 10, "object_id": "c8f5c718-38f7-40b6-8716-04e0c7d808c7", "object_repr": "4-dars. Spektrum A1  1.Kapitel (2-qism)", "action_flag": 2, "change_message": "[{\"changed\": {\"fields\": [\"Name\"]}}]"}}, {"model": "admin.logentry", "pk": 187, "fields": {"action_time": "2025-06-28T15:36:57.967Z", "user": "90c141ec-9ee1-482e-b64b-474c88ed5746", "content_type": 10, "object_id": "3f14e249-ce7a-4825-8815-a5999db91ce2", "object_repr": "6-dars. Spektrum A1 1. Kapitel (3-qism)", "action_flag": 2, "change_message": "[{\"changed\": {\"fields\": [\"Name\"]}}]"}}, {"model": "admin.logentry", "pk": 188, "fields": {"action_time": "2025-06-28T15:38:34.036Z", "user": "90c141ec-9ee1-482e-b64b-474c88ed5746", "content_type": 14, "object_id": "cf8600c2-74c2-4204-8766-70b903664a7c", "object_repr": "https://t.me/c/2611547841/10", "action_flag": 1, "change_message": "[{\"added\": {}}]"}}, {"model": "admin.logentry", "pk": 189, "fields": {"action_time": "2025-06-28T15:38:38.886Z", "user": "90c141ec-9ee1-482e-b64b-474c88ed5746", "content_type": 10, "object_id": "a0b0abb8-2a3d-42d6-8197-a87bcddcd29d", "object_repr": "11-dars. W-Fragen,Ja/Nein Fragen und Wörter im Satz", "action_flag": 1, "change_message": "[{\"added\": {}}]"}}, {"model": "admin.logentry", "pk": 190, "fields": {"action_time": "2025-06-28T15:40:18.662Z", "user": "90c141ec-9ee1-482e-b64b-474c88ed5746", "content_type": 14, "object_id": "73763ed2-01c0-4505-87f9-7dd49c552367", "object_repr": "https://t.me/c/2768244801/80", "action_flag": 1, "change_message": "[{\"added\": {}}]"}}, {"model": "admin.logentry", "pk": 191, "fields": {"action_time": "2025-06-28T15:40:37.380Z", "user": "90c141ec-9ee1-482e-b64b-474c88ed5746", "content_type": 10, "object_id": "963357ac-d56e-4f28-b796-cce2da215556", "object_repr": "12-dars.Spektrum A1 2.Kapitel (3-qism)", "action_flag": 1, "change_message": "[{\"added\": {}}]"}}, {"model": "admin.logentry", "pk": 192, "fields": {"action_time": "2025-06-28T15:42:41.607Z", "user": "90c141ec-9ee1-482e-b64b-474c88ed5746", "content_type": 14, "object_id": "635dc549-6cb6-44df-a2bd-3ab758b52f42", "object_repr": "https://t.me/c/2611547841/12", "action_flag": 1, "change_message": "[{\"added\": {}}]"}}, {"model": "admin.logentry", "pk": 193, "fields": {"action_time": "2025-06-28T15:42:47.405Z", "user": "90c141ec-9ee1-482e-b64b-474c88ed5746", "content_type": 10, "object_id": "7480a1d8-b311-44c7-a648-20c7d238ecef", "object_repr": "13-dars.Plural", "action_flag": 1, "change_message": "[{\"added\": {}}]"}}, {"model": "admin.logentry", "pk": 194, "fields": {"action_time": "2025-06-28T15:46:50.063Z", "user": "90c141ec-9ee1-482e-b64b-474c88ed5746", "content_type": 14, "object_id": "cf3c51cf-7691-42d3-a0cb-051a233f5476", "object_repr": "https://t.me/c/2768244801/129", "action_flag": 1, "change_message": "[{\"added\": {}}]"}}, {"model": "admin.logentry", "pk": 195, "fields": {"action_time": "2025-06-28T15:47:39.917Z", "user": "90c141ec-9ee1-482e-b64b-474c88ed5746", "content_type": 10, "object_id": "40d841df-fcd9-4561-a734-0f8f218a4632", "object_repr": "14-dars. Spektrum A1 3.Kapitel (1-qism)", "action_flag": 1, "change_message": "[{\"added\": {}}]"}}, {"model": "admin.logentry", "pk": 196, "fields": {"action_time": "2025-06-28T15:49:32.194Z", "user": "90c141ec-9ee1-482e-b64b-474c88ed5746", "content_type": 14, "object_id": "5b612699-e68c-4ec3-97e3-8cc975d9dd75", "object_repr": "https://t.me/c/2611547841/14", "action_flag": 1, "change_message": "[{\"added\": {}}]"}}, {"model": "admin.logentry", "pk": 197, "fields": {"action_time": "2025-06-28T15:49:35.848Z", "user": "90c141ec-9ee1-482e-b64b-474c88ed5746", "content_type": 10, "object_id": "0d7804a2-777f-435e-a651-2c9380cb51fb", "object_repr": "15-dars.Artikel", "action_flag": 1, "change_message": "[{\"added\": {}}]"}}, {"model": "admin.logentry", "pk": 198, "fields": {"action_time": "2025-06-28T15:51:25.980Z", "user": "90c141ec-9ee1-482e-b64b-474c88ed5746", "content_type": 14, "object_id": "203c8acd-d2a5-4f0d-ae7b-fd95c34f165d", "object_repr": "https://t.me/c/2768244801/131", "action_flag": 1, "change_message": "[{\"added\": {}}]"}}, {"model": "admin.logentry", "pk": 199, "fields": {"action_time": "2025-06-28T15:51:46.921Z", "user": "90c141ec-9ee1-482e-b64b-474c88ed5746", "content_type": 10, "object_id": "776e6bad-bb31-4935-9a72-46b5148baf5c", "object_repr": "16-dars. Spektrum A1 3.Kapitel (2-qism)", "action_flag": 1, "change_message": "[{\"added\": {}}]"}}, {"model": "admin.logentry", "pk": 200, "fields": {"action_time": "2025-06-28T15:53:38.290Z", "user": "90c141ec-9ee1-482e-b64b-474c88ed5746", "content_type": 14, "object_id": "21186006-aed7-418d-bad0-c3f3e9d96a53", "object_repr": "https://t.me/c/2611547841/16", "action_flag": 1, "change_message": "[{\"added\": {}}]"}}, {"model": "admin.logentry", "pk": 201, "fields": {"action_time": "2025-06-28T15:53:42.737Z", "user": "90c141ec-9ee1-482e-b64b-474c88ed5746", "content_type": 10, "object_id": "3a28f363-12d1-4ebc-ae0a-ad727b104ee3", "object_repr": "17-dars.Negation", "action_flag": 1, "change_message": "[{\"added\": {}}]"}}, {"model": "admin.logentry", "pk": 202, "fields": {"action_time": "2025-06-28T15:55:45.623Z", "user": "90c141ec-9ee1-482e-b64b-474c88ed5746", "content_type": 14, "object_id": "f5ef9876-4328-4baf-975e-3799dea423ab", "object_repr": "https://t.me/c/2768244801/133", "action_flag": 1, "change_message": "[{\"added\": {}}]"}}, {"model": "admin.logentry", "pk": 203, "fields": {"action_time": "2025-06-28T15:56:43.678Z", "user": "90c141ec-9ee1-482e-b64b-474c88ed5746", "content_type": 10, "object_id": "c961fe29-4ea0-4f31-bcdb-9147f9b2613b", "object_repr": "18-dars. Spektrum A1 3.Kapitel (3-qism)", "action_flag": 1, "change_message": "[{\"added\": {}}]"}}, {"model": "admin.logentry", "pk": 204, "fields": {"action_time": "2025-06-28T16:01:34.061Z", "user": "90c141ec-9ee1-482e-b64b-474c88ed5746", "content_type": 14, "object_id": "0a50759e-4359-4eed-8006-2db2952f0943", "object_repr": "https://t.me/c/2768244801/146", "action_flag": 1, "change_message": "[{\"added\": {}}]"}}, {"model": "admin.logentry", "pk": 205, "fields": {"action_time": "2025-06-28T16:01:59.471Z", "user": "90c141ec-9ee1-482e-b64b-474c88ed5746", "content_type": 10, "object_id": "77d143a4-876e-4247-a851-4be66fc39b4d", "object_repr": "19-dars. Spektrum A1 4.Kapitel (1-qism)", "action_flag": 1, "change_message": "[{\"added\": {}}]"}}, {"model": "admin.logentry", "pk": 206, "fields": {"action_time": "2025-06-28T16:04:05.700Z", "user": "90c141ec-9ee1-482e-b64b-474c88ed5746", "content_type": 14, "object_id": "9f31a49a-4294-4c16-a38b-71482ac3036b", "object_repr": "https://t.me/c/2611547841/18", "action_flag": 1, "change_message": "[{\"added\": {}}]"}}, {"model": "admin.logentry", "pk": 207, "fields": {"action_time": "2025-06-28T16:04:12.258Z", "user": "90c141ec-9ee1-482e-b64b-474c88ed5746", "content_type": 10, "object_id": "41250249-a25a-43f3-8a65-f5adb175668e", "object_repr": "20-dars. Possesivartikel", "action_flag": 1, "change_message": "[{\"added\": {}}]"}}, {"model": "auth.permission", "pk": 1, "fields": {"name": "Can add log entry", "content_type": 1, "codename": "add_logentry"}}, {"model": "auth.permission", "pk": 2, "fields": {"name": "Can change log entry", "content_type": 1, "codename": "change_logentry"}}, {"model": "auth.permission", "pk": 3, "fields": {"name": "Can delete log entry", "content_type": 1, "codename": "delete_logentry"}}, {"model": "auth.permission", "pk": 4, "fields": {"name": "Can view log entry", "content_type": 1, "codename": "view_logentry"}}, {"model": "auth.permission", "pk": 5, "fields": {"name": "Can add permission", "content_type": 2, "codename": "add_permission"}}, {"model": "auth.permission", "pk": 6, "fields": {"name": "Can change permission", "content_type": 2, "codename": "change_permission"}}, {"model": "auth.permission", "pk": 7, "fields": {"name": "Can delete permission", "content_type": 2, "codename": "delete_permission"}}, {"model": "auth.permission", "pk": 8, "fields": {"name": "Can view permission", "content_type": 2, "codename": "view_permission"}}, {"model": "auth.permission", "pk": 9, "fields": {"name": "Can add group", "content_type": 3, "codename": "add_group"}}, {"model": "auth.permission", "pk": 10, "fields": {"name": "Can change group", "content_type": 3, "codename": "change_group"}}, {"model": "auth.permission", "pk": 11, "fields": {"name": "Can delete group", "content_type": 3, "codename": "delete_group"}}, {"model": "auth.permission", "pk": 12, "fields": {"name": "Can view group", "content_type": 3, "codename": "view_group"}}, {"model": "auth.permission", "pk": 13, "fields": {"name": "Can add content type", "content_type": 4, "codename": "add_contenttype"}}, {"model": "auth.permission", "pk": 14, "fields": {"name": "Can change content type", "content_type": 4, "codename": "change_contenttype"}}, {"model": "auth.permission", "pk": 15, "fields": {"name": "Can delete content type", "content_type": 4, "codename": "delete_contenttype"}}, {"model": "auth.permission", "pk": 16, "fields": {"name": "Can view content type", "content_type": 4, "codename": "view_contenttype"}}, {"model": "auth.permission", "pk": 17, "fields": {"name": "Can add session", "content_type": 5, "codename": "add_session"}}, {"model": "auth.permission", "pk": 18, "fields": {"name": "Can change session", "content_type": 5, "codename": "change_session"}}, {"model": "auth.permission", "pk": 19, "fields": {"name": "Can delete session", "content_type": 5, "codename": "delete_session"}}, {"model": "auth.permission", "pk": 20, "fields": {"name": "Can view session", "content_type": 5, "codename": "view_session"}}, {"model": "auth.permission", "pk": 21, "fields": {"name": "Can add custom user", "content_type": 6, "codename": "add_customuser"}}, {"model": "auth.permission", "pk": 22, "fields": {"name": "Can change custom user", "content_type": 6, "codename": "change_customuser"}}, {"model": "auth.permission", "pk": 23, "fields": {"name": "Can delete custom user", "content_type": 6, "codename": "delete_customuser"}}, {"model": "auth.permission", "pk": 24, "fields": {"name": "Can view custom user", "content_type": 6, "codename": "view_customuser"}}, {"model": "auth.permission", "pk": 25, "fields": {"name": "Can add file", "content_type": 7, "codename": "add_file"}}, {"model": "auth.permission", "pk": 26, "fields": {"name": "Can change file", "content_type": 7, "codename": "change_file"}}, {"model": "auth.permission", "pk": 27, "fields": {"name": "Can delete file", "content_type": 7, "codename": "delete_file"}}, {"model": "auth.permission", "pk": 28, "fields": {"name": "Can view file", "content_type": 7, "codename": "view_file"}}, {"model": "auth.permission", "pk": 29, "fields": {"name": "Can add course type", "content_type": 8, "codename": "add_coursetype"}}, {"model": "auth.permission", "pk": 30, "fields": {"name": "Can change course type", "content_type": 8, "codename": "change_coursetype"}}, {"model": "auth.permission", "pk": 31, "fields": {"name": "Can delete course type", "content_type": 8, "codename": "delete_coursetype"}}, {"model": "auth.permission", "pk": 32, "fields": {"name": "Can view course type", "content_type": 8, "codename": "view_coursetype"}}, {"model": "auth.permission", "pk": 33, "fields": {"name": "Can add course", "content_type": 9, "codename": "add_course"}}, {"model": "auth.permission", "pk": 34, "fields": {"name": "Can change course", "content_type": 9, "codename": "change_course"}}, {"model": "auth.permission", "pk": 35, "fields": {"name": "Can delete course", "content_type": 9, "codename": "delete_course"}}, {"model": "auth.permission", "pk": 36, "fields": {"name": "Can view course", "content_type": 9, "codename": "view_course"}}, {"model": "auth.permission", "pk": 37, "fields": {"name": "Can add theme", "content_type": 10, "codename": "add_theme"}}, {"model": "auth.permission", "pk": 38, "fields": {"name": "Can change theme", "content_type": 10, "codename": "change_theme"}}, {"model": "auth.permission", "pk": 39, "fields": {"name": "Can delete theme", "content_type": 10, "codename": "delete_theme"}}, {"model": "auth.permission", "pk": 40, "fields": {"name": "Can view theme", "content_type": 10, "codename": "view_theme"}}, {"model": "auth.permission", "pk": 41, "fields": {"name": "Can add theme attendance", "content_type": 11, "codename": "add_themeattendance"}}, {"model": "auth.permission", "pk": 42, "fields": {"name": "Can change theme attendance", "content_type": 11, "codename": "change_themeattendance"}}, {"model": "auth.permission", "pk": 43, "fields": {"name": "Can delete theme attendance", "content_type": 11, "codename": "delete_themeattendance"}}, {"model": "auth.permission", "pk": 44, "fields": {"name": "Can view theme attendance", "content_type": 11, "codename": "view_themeattendance"}}, {"model": "auth.permission", "pk": 45, "fields": {"name": "Can add transaction", "content_type": 12, "codename": "add_transaction"}}, {"model": "auth.permission", "pk": 46, "fields": {"name": "Can change transaction", "content_type": 12, "codename": "change_transaction"}}, {"model": "auth.permission", "pk": 47, "fields": {"name": "Can delete transaction", "content_type": 12, "codename": "delete_transaction"}}, {"model": "auth.permission", "pk": 48, "fields": {"name": "Can view transaction", "content_type": 12, "codename": "view_transaction"}}, {"model": "auth.permission", "pk": 49, "fields": {"name": "Can add student course", "content_type": 13, "codename": "add_studentcourse"}}, {"model": "auth.permission", "pk": 50, "fields": {"name": "Can change student course", "content_type": 13, "codename": "change_studentcourse"}}, {"model": "auth.permission", "pk": 51, "fields": {"name": "Can delete student course", "content_type": 13, "codename": "delete_studentcourse"}}, {"model": "auth.permission", "pk": 52, "fields": {"name": "Can view student course", "content_type": 13, "codename": "view_studentcourse"}}, {"model": "auth.permission", "pk": 53, "fields": {"name": "Can add video", "content_type": 14, "codename": "add_video"}}, {"model": "auth.permission", "pk": 54, "fields": {"name": "Can change video", "content_type": 14, "codename": "change_video"}}, {"model": "auth.permission", "pk": 55, "fields": {"name": "Can delete video", "content_type": 14, "codename": "delete_video"}}, {"model": "auth.permission", "pk": 56, "fields": {"name": "Can view video", "content_type": 14, "codename": "view_video"}}, {"model": "auth.permission", "pk": 57, "fields": {"name": "Can add channel", "content_type": 15, "codename": "add_channel"}}, {"model": "auth.permission", "pk": 58, "fields": {"name": "Can change channel", "content_type": 15, "codename": "change_channel"}}, {"model": "auth.permission", "pk": 59, "fields": {"name": "Can delete channel", "content_type": 15, "codename": "delete_channel"}}, {"model": "auth.permission", "pk": 60, "fields": {"name": "Can view channel", "content_type": 15, "codename": "view_channel"}}, {"model": "contenttypes.contenttype", "pk": 1, "fields": {"app_label": "admin", "model": "logentry"}}, {"model": "contenttypes.contenttype", "pk": 2, "fields": {"app_label": "auth", "model": "permission"}}, {"model": "contenttypes.contenttype", "pk": 3, "fields": {"app_label": "auth", "model": "group"}}, {"model": "contenttypes.contenttype", "pk": 4, "fields": {"app_label": "contenttypes", "model": "contenttype"}}, {"model": "contenttypes.contenttype", "pk": 5, "fields": {"app_label": "sessions", "model": "session"}}, {"model": "contenttypes.contenttype", "pk": 6, "fields": {"app_label": "account", "model": "customuser"}}, {"model": "contenttypes.contenttype", "pk": 7, "fields": {"app_label": "upload", "model": "file"}}, {"model": "contenttypes.contenttype", "pk": 8, "fields": {"app_label": "course", "model": "coursetype"}}, {"model": "contenttypes.contenttype", "pk": 9, "fields": {"app_label": "course", "model": "course"}}, {"model": "contenttypes.contenttype", "pk": 10, "fields": {"app_label": "theme", "model": "theme"}}, {"model": "contenttypes.contenttype", "pk": 11, "fields": {"app_label": "theme", "model": "themeattendance"}}, {"model": "contenttypes.contenttype", "pk": 12, "fields": {"app_label": "transaction", "model": "transaction"}}, {"model": "contenttypes.contenttype", "pk": 13, "fields": {"app_label": "studentcourse", "model": "studentcourse"}}, {"model": "contenttypes.contenttype", "pk": 14, "fields": {"app_label": "upload", "model": "video"}}, {"model": "contenttypes.contenttype", "pk": 15, "fields": {"app_label": "channel", "model": "channel"}}, {"model": "sessions.session", "pk": "0rdfdqvwiyymza6xfiao4rrspa4zjl0g", "fields": {"session_data": ".eJxVjrkOgzAQRP_FdbBss3jtlOnzDch7EHIIJI4qyr8HJIqknjcz723asi59u846tXcxZ5Mde_DKVVb1FaSgFUWgChA4JZUGIZrTb40KP3XYu_Iow220PA7LdCe7I_ZIZ3sdRV-Xg_0b6Mvc789dKY1icByDppq0Ro_KIQhIrh1CRtKukJTQdIly5IgISdxmq5uy-XwB8XVBkQ:1uPmlz:OUrDtV6-Jc4NpH8lQaj8SlBNhUaeRu5r44SknuIocao", "expire_date": "2025-06-26T18:35:35.901Z"}}, {"model": "sessions.session", "pk": "6nkq15pu1fgmb1uonpi6krlnzf2lswcn", "fields": {"session_data": ".eJxVjrkOgzAQRP_FdbBss3jtlOnzDch7EHIIJI4qyr8HJIqknjcz723asi59u846tXcxZ5Mde_DKVVb1FaSgFUWgChA4JZUGIZrTb40KP3XYu_Iow220PA7LdCe7I_ZIZ3sdRV-Xg_0b6Mvc789dKY1icByDppq0Ro_KIQhIrh1CRtKukJTQdIly5IgISdxmq5uy-XwB8XVBkQ:1uPgku:YF2LI_0KNKe3Y6M8UPwdDZrBfDLZyerT-bcP3O3NGP0", "expire_date": "2025-06-26T12:10:04.407Z"}}, {"model": "sessions.session", "pk": "6tz356kwctte9bg112b5bqly1gh33hal", "fields": {"session_data": ".eJxVjrkOgzAQRP_FdbBss3jtlOnzDch7EHIIJI4qyr8HJIqknjcz723asi59u846tXcxZ5Mde_DKVVb1FaSgFUWgChA4JZUGIZrTb40KP3XYu_Iow220PA7LdCe7I_ZIZ3sdRV-Xg_0b6Mvc789dKY1icByDppq0Ro_KIQhIrh1CRtKukJTQdIly5IgISdxmq5uy-XwB8XVBkQ:1uR7Ib:CzLEbRjvSkr4GRv3FVMbQjgEufDogLQI1NK7sfT7Ols", "expire_date": "2025-06-30T10:42:45.506Z"}}, {"model": "sessions.session", "pk": "h5k41ojr4og3rg0lpueqyvzp8knuinkn", "fields": {"session_data": ".eJxVjrkOgzAQRP_FdbBss3jtlOnzDch7EHIIJI4qyr8HJIqknjcz723asi59u846tXcxZ5Mde_DKVVb1FaSgFUWgChA4JZUGIZrTb40KP3XYu_Iow220PA7LdCe7I_ZIZ3sdRV-Xg_0b6Mvc789dKY1icByDppq0Ro_KIQhIrh1CRtKukJTQdIly5IgISdxmq5uy-XwB8XVBkQ:1uUKs8:15TVmabfqJ-0BTsENLG6FX8e9nZj6b2ikn9LNoQKTO0", "expire_date": "2025-07-09T07:48:44.206Z"}}, {"model": "sessions.session", "pk": "mx8iy5rbigxz1ih5xzctb0q8snftb18o", "fields": {"session_data": ".eJxVjrkOgzAQRP_FdbBss3jtlOnzDch7EHIIJI4qyr8HJIqknjcz723asi59u846tXcxZ5Mde_DKVVb1FaSgFUWgChA4JZUGIZrTb40KP3XYu_Iow220PA7LdCe7I_ZIZ3sdRV-Xg_0b6Mvc789dKY1icByDppq0Ro_KIQhIrh1CRtKukJTQdIly5IgISdxmq5uy-XwB8XVBkQ:1uVqYB:lmEjRmZAccFt6xgkERr_MJrUlJj__EIx-OuKt18lmoI", "expire_date": "2025-07-13T11:50:23.009Z"}}, {"model": "sessions.session", "pk": "nhixhi8otxvkgnin24akvovg1d0rmmpb", "fields": {"session_data": ".eJxVjrkOgzAQRP_FdbBss3jtlOnzDch7EHIIJI4qyr8HJIqknjcz723asi59u846tXcxZ5Mde_DKVVb1FaSgFUWgChA4JZUGIZrTb40KP3XYu_Iow220PA7LdCe7I_ZIZ3sdRV-Xg_0b6Mvc789dKY1icByDppq0Ro_KIQhIrh1CRtKukJTQdIly5IgISdxmq5uy-XwB8XVBkQ:1uUmsk:Qktiphhdzej-cW3Y_NuzRHBRnpkBzSpu_wt7WipMo08", "expire_date": "2025-07-10T13:43:14.033Z"}}, {"model": "sessions.session", "pk": "t674ws7o57kqaxnzytem5vdtj56yxilx", "fields": {"session_data": ".eJxVjrkOgzAQRP_FdbBss3jtlOnzDch7EHIIJI4qyr8HJIqknjcz723asi59u846tXcxZ5Mde_DKVVb1FaSgFUWgChA4JZUGIZrTb40KP3XYu_Iow220PA7LdCe7I_ZIZ3sdRV-Xg_0b6Mvc789dKY1icByDppq0Ro_KIQhIrh1CRtKukJTQdIly5IgISdxmq5uy-XwB8XVBkQ:1uQ5dl:9ToqXzIST6lYafx_f10YocEuqOVx1SS8DFHfBmwyoIM", "expire_date": "2025-06-27T14:44:21.178Z"}}, {"model": "account.customuser", "pk": "0dee9fd8-ca36-4a4c-8336-e4da39ea5194", "fields": {"password": "", "last_login": null, "is_superuser": false, "first_name": "", "last_name": "", "email": "", "is_staff": false, "is_active": true, "date_joined": "2025-06-13T06:44:20.973Z", "full_name": "Oybek Abdufattoxov", "phone": "+998954442005", "chat_id": "796519939", "language": null, "role": "User", "has_passed": false, "created_at": "2025-06-13T06:44:20.973Z", "updated_at": "2025-06-13T06:44:32.193Z", "groups": [], "user_permissions": []}}, {"model": "account.customuser", "pk": "39f39aed-f963-4867-ab78-4c701ed1cacc", "fields": {"password": "", "last_login": null, "is_superuser": false, "first_name": "", "last_name": "", "email": "", "is_staff": false, "is_active": true, "date_joined": "2025-06-28T12:25:26.601Z", "full_name": "Абдижабборова Лайлогул", "phone": "+998930890826", "chat_id": "1990299181", "language": null, "role": "User", "has_passed": false, "created_at": "2025-06-28T12:25:26.602Z", "updated_at": "2025-06-28T12:25:41.077Z", "groups": [], "user_permissions": []}}, {"model": "account.customuser", "pk": "90c141ec-9ee1-482e-b64b-474c88ed5746", "fields": {"password": "pbkdf2_sha256$1000000$2Skd6x2e03gYiWymNWcfUT$N+mI05xF0TG2MCTDHkxd1UBtNdKgZQ34YvdywqCN0BI=", "last_login": "2025-06-29T11:50:23.005Z", "is_superuser": true, "first_name": "", "last_name": "", "email": "", "is_staff": true, "is_active": true, "date_joined": "2025-06-12T11:58:11.273Z", "full_name": null, "phone": "+998901234567", "chat_id": null, "language": null, "role": "User", "has_passed": false, "created_at": "2025-06-12T11:58:12.176Z", "updated_at": "2025-06-12T11:58:12.176Z", "groups": [], "user_permissions": []}}, {"model": "account.customuser", "pk": "afc41f29-dfce-4011-9dd9-16bc7ffc5b79", "fields": {"password": "", "last_login": null, "is_superuser": false, "first_name": "", "last_name": "", "email": "", "is_staff": false, "is_active": true, "date_joined": "2025-06-13T06:43:22.476Z", "full_name": "Coder", "phone": "+998948742405", "chat_id": "7515210172", "language": null, "role": "User", "has_passed": false, "created_at": "2025-06-13T06:43:22.477Z", "updated_at": "2025-06-13T06:44:51.194Z", "groups": [], "user_permissions": []}}, {"model": "account.customuser", "pk": "b0813f36-3553-49c5-bee3-e81837f55736", "fields": {"password": "", "last_login": null, "is_superuser": false, "first_name": "", "last_name": "", "email": "", "is_staff": false, "is_active": true, "date_joined": "2025-06-13T07:55:52.303Z", "full_name": "Doniyor Ne'matov", "phone": "+998945031147", "chat_id": "1677338531", "language": null, "role": "User", "has_passed": false, "created_at": "2025-06-13T07:55:52.304Z", "updated_at": "2025-06-13T07:56:06.246Z", "groups": [], "user_permissions": []}}, {"model": "account.customuser", "pk": "c5ae5bde-fb36-48f1-96c5-d64517460e7c", "fields": {"password": "pbkdf2_sha256$870000$75rCGxwU9QTxafLa0a8Dqy$s2uZK4/dSxhQw7l01i9KSmjQOwhNTEZjpXYaLueLd28=", "last_login": null, "is_superuser": false, "first_name": "", "last_name": "", "email": "", "is_staff": false, "is_active": true, "date_joined": "2025-06-12T11:58:16Z", "full_name": "Shohjahon", "phone": "+998948025101", "chat_id": "5995495508", "language": null, "role": "Admin", "has_passed": false, "created_at": "2025-06-12T11:58:16.805Z", "updated_at": "2025-06-12T12:23:44.315Z", "groups": [], "user_permissions": []}}, {"model": "account.customuser", "pk": "c5cee1c3-e467-49cf-b4ed-5a183e65f55a", "fields": {"password": "", "last_login": null, "is_superuser": false, "first_name": "", "last_name": "", "email": "", "is_staff": false, "is_active": true, "date_joined": "2025-06-13T06:31:58.875Z", "full_name": "Farrux Shomuradovich", "phone": "+998935774484", "chat_id": "117741960", "language": null, "role": "User", "has_passed": false, "created_at": "2025-06-13T06:31:58.875Z", "updated_at": "2025-06-13T06:32:07.126Z", "groups": [], "user_permissions": []}}, {"model": "account.customuser", "pk": "da03e3db-6958-4e75-8146-8f45e00901e2", "fields": {"password": "", "last_login": null, "is_superuser": false, "first_name": "", "last_name": "", "email": "", "is_staff": false, "is_active": true, "date_joined": "2025-06-12T12:27:06.490Z", "full_name": "Shohjahon Obruyev", "phone": "+998932258150", "chat_id": "6938093751", "language": null, "role": "User", "has_passed": false, "created_at": "2025-06-12T12:27:06.492Z", "updated_at": "2025-06-12T12:27:27.489Z", "groups": [], "user_permissions": []}}, {"model": "account.customuser", "pk": "ebaa81fa-d193-404d-b602-a6f1418c35c4", "fields": {"password": "", "last_login": null, "is_superuser": false, "first_name": "", "last_name": "", "email": "", "is_staff": false, "is_active": true, "date_joined": "2025-06-13T07:05:10.490Z", "full_name": "Oyshabegim Khasanova", "phone": "+998940083112", "chat_id": "5692222371", "language": null, "role": "User", "has_passed": false, "created_at": "2025-06-13T07:05:10.490Z", "updated_at": "2025-06-28T12:30:20.690Z", "groups": [], "user_permissions": []}}, {"model": "account.customuser", "pk": "f327dc82-030c-465c-8cb9-ad394ff79e5f", "fields": {"password": "pbkdf2_sha256$870000$75rCGxwU9QTxafLa0a8Dqy$s2uZK4/dSxhQw7l01i9KSmjQOwhNTEZjpXYaLueLd28=", "last_login": null, "is_superuser": false, "first_name": "", "last_name": "", "email": "", "is_staff": false, "is_active": true, "date_joined": "2025-06-13T07:01:09Z", "full_name": "Munisa", "phone": "+998908125770", "chat_id": "1980086291", "language": null, "role": "User", "has_passed": false, "created_at": "2025-06-13T07:01:09.936Z", "updated_at": "2025-06-26T09:49:20.337Z", "groups": [], "user_permissions": []}}, {"model": "account.customuser", "pk": "f8a63d20-0b9f-409e-bffd-c7e4cb9888c4", "fields": {"password": "", "last_login": null, "is_superuser": false, "first_name": "", "last_name": "", "email": "", "is_staff": false, "is_active": true, "date_joined": "2025-06-13T09:56:56.614Z", "full_name": "Serdar Isakov", "phone": "+998332717176", "chat_id": "1548220726", "language": null, "role": "User", "has_passed": false, "created_at": "2025-06-13T09:56:56.614Z", "updated_at": "2025-06-13T09:57:31.634Z", "groups": [], "user_permissions": []}}, {"model": "account.customuser", "pk": "f9732953-fa01-42ca-b700-9fd676413f2e", "fields": {"password": "", "last_login": null, "is_superuser": false, "first_name": "", "last_name": "", "email": "", "is_staff": false, "is_active": true, "date_joined": "2025-06-13T06:25:36.510Z", "full_name": "Aziz Sagdullaev", "phone": "+998977128507", "chat_id": "638379222", "language": null, "role": "User", "has_passed": false, "created_at": "2025-06-13T06:25:36.510Z", "updated_at": "2025-06-13T06:25:57.985Z", "groups": [], "user_permissions": []}}, {"model": "upload.file", "pk": "1d1fc70a-16c6-4705-8083-20ec28c04ecb", "fields": {"created_at": "2025-06-28T10:26:13Z", "updated_at": "2025-06-28T10:27:03.674Z", "file": "files/stamndart.jpg"}}, {"model": "upload.file", "pk": "23521541-fe91-4d93-b661-9b6ae580ef76", "fields": {"created_at": "2025-06-13T05:56:22Z", "updated_at": "2025-06-13T05:58:06.831Z", "file": "files/sd1_uebungssatz_01-v26_x7M6AlN.mp4"}}, {"model": "upload.file", "pk": "48d0e791-e1d5-4245-bc5c-1682d9e2c37e", "fields": {"created_at": "2025-06-28T14:05:39Z", "updated_at": "2025-06-28T14:05:59.749Z", "file": "files/das_Alphabet_8czxn6x.pdf"}}, {"model": "upload.file", "pk": "52f2f678-7097-4db5-a972-7395f99bda79", "fields": {"created_at": "2025-06-28T12:50:26Z", "updated_at": "2025-06-28T12:50:49.131Z", "file": "files/das_Alphabet.pdf"}}, {"model": "upload.file", "pk": "6cfc3097-cf45-4514-a543-07007a507afa", "fields": {"created_at": "2025-06-28T11:00:45Z", "updated_at": "2025-06-28T11:01:13.152Z", "file": "files/stamndart_8DjYtaG.jpg"}}, {"model": "upload.file", "pk": "854b5911-7ec3-4e97-b42f-6aaf1f9bbb44", "fields": {"created_at": "2025-06-28T11:46:44Z", "updated_at": "2025-06-28T11:47:09.851Z", "file": "files/VIP.jpg"}}, {"model": "upload.file", "pk": "96fb3be0-49f1-4f81-bd89-1c4ceef1b212", "fields": {"created_at": "2025-06-12T12:30:55Z", "updated_at": "2025-06-12T12:31:15.532Z", "file": "files/sd1_uebungssatz_01-v26.mp4"}}, {"model": "upload.file", "pk": "ab09de29-af61-4c73-b43b-f0c8a27b9f4a", "fields": {"created_at": "2025-06-28T11:03:32Z", "updated_at": "2025-06-28T11:03:51.547Z", "file": "files/stamndart_6QJtrTF.jpg"}}, {"model": "upload.file", "pk": "bcdda1bc-c2b4-4428-80c6-ea94780e7751", "fields": {"created_at": "2025-06-28T11:43:17Z", "updated_at": "2025-06-28T11:43:55.461Z", "file": "files/premium.jpg"}}, {"model": "upload.file", "pk": "f8eed7dd-7171-4582-bf42-94b84d5c4d42", "fields": {"created_at": "2025-06-13T14:48:01Z", "updated_at": "2025-06-13T14:55:52.575Z", "file": "files/IMG_5412.MP4"}}, {"model": "upload.file", "pk": "fcee74d4-a6cd-4815-8695-83a00f19c5de", "fields": {"created_at": "2025-06-13T14:46:21Z", "updated_at": "2025-06-13T14:46:42.673Z", "file": "files/photo_2024-07-02_14-35-51.jpg"}}, {"model": "upload.video", "pk": "0a50759e-4359-4eed-8006-2db2952f0943", "fields": {"created_at": "2025-06-28T16:01:29Z", "updated_at": "2025-06-28T16:01:34.059Z", "url": "https://t.me/c/2768244801/146"}}, {"model": "upload.video", "pk": "18b57f15-be57-4ed3-a478-900064aa477a", "fields": {"created_at": "2025-06-28T12:34:22Z", "updated_at": "2025-06-28T12:34:27.756Z", "url": "https://t.me/c/2768244801/5"}}, {"model": "upload.video", "pk": "19351d9a-a76d-4d9f-8aec-f4db56158b04", "fields": {"created_at": "2025-06-28T15:18:39Z", "updated_at": "2025-06-28T15:18:43.086Z", "url": "https://t.me/c/2768244801/57"}}, {"model": "upload.video", "pk": "203c8acd-d2a5-4f0d-ae7b-fd95c34f165d", "fields": {"created_at": "2025-06-28T15:51:21Z", "updated_at": "2025-06-28T15:51:25.979Z", "url": "https://t.me/c/2768244801/131"}}, {"model": "upload.video", "pk": "21186006-aed7-418d-bad0-c3f3e9d96a53", "fields": {"created_at": "2025-06-28T15:53:33Z", "updated_at": "2025-06-28T15:53:38.287Z", "url": "https://t.me/c/2611547841/16"}}, {"model": "upload.video", "pk": "3187fd74-7cc6-49a4-89ac-25dd80ca2d7b", "fields": {"created_at": "2025-06-16T11:22:55Z", "updated_at": "2025-06-16T11:23:03.047Z", "url": "https://t.me/c/2611547841/2"}}, {"model": "upload.video", "pk": "38155dfd-4538-477c-b1cf-92c08f107bf3", "fields": {"created_at": "2025-06-28T14:10:23Z", "updated_at": "2025-06-28T14:10:27.348Z", "url": "https://t.me/c/2768244801/5"}}, {"model": "upload.video", "pk": "38ffaaba-e3ce-4769-85cb-783c2d88742a", "fields": {"created_at": "2025-06-16T08:40:43Z", "updated_at": "2025-06-16T08:40:47.590Z", "url": "https://yengi.mussi.uz/users"}}, {"model": "upload.video", "pk": "543604e2-ecf2-4536-9016-dab911ea668f", "fields": {"created_at": "2025-06-28T15:33:40Z", "updated_at": "2025-06-28T15:33:44.243Z", "url": "https://t.me/c/2611547841/8"}}, {"model": "upload.video", "pk": "5b612699-e68c-4ec3-97e3-8cc975d9dd75", "fields": {"created_at": "2025-06-28T15:49:27Z", "updated_at": "2025-06-28T15:49:32.184Z", "url": "https://t.me/c/2611547841/14"}}, {"model": "upload.video", "pk": "635dc549-6cb6-44df-a2bd-3ab758b52f42", "fields": {"created_at": "2025-06-28T15:42:36Z", "updated_at": "2025-06-28T15:42:41.606Z", "url": "https://t.me/c/2611547841/12"}}, {"model": "upload.video", "pk": "6977d59b-bac1-452f-8bed-1162c72e5eb3", "fields": {"created_at": "2025-06-28T15:22:40Z", "updated_at": "2025-06-28T15:22:44.268Z", "url": "https://t.me/c/2768244801/57"}}, {"model": "upload.video", "pk": "73763ed2-01c0-4505-87f9-7dd49c552367", "fields": {"created_at": "2025-06-28T15:40:15Z", "updated_at": "2025-06-28T15:40:18.657Z", "url": "https://t.me/c/2768244801/80"}}, {"model": "upload.video", "pk": "750973d9-fb49-4326-ad21-414dd9d0ee86", "fields": {"created_at": "2025-06-28T14:49:13Z", "updated_at": "2025-06-28T14:49:18.281Z", "url": "https://t.me/c/2611547841/2"}}, {"model": "upload.video", "pk": "99b87741-3983-4ab4-b4cf-e94e9b16def8", "fields": {"created_at": "2025-06-28T14:56:28Z", "updated_at": "2025-06-28T14:56:32.619Z", "url": "https://t.me/c/2611547841/4"}}, {"model": "upload.video", "pk": "9a6b6631-af44-4bb9-ac60-435c2f0e717d", "fields": {"created_at": "2025-06-28T14:46:14Z", "updated_at": "2025-06-28T14:46:18.095Z", "url": "https://t.me/c/2768244801/57"}}, {"model": "upload.video", "pk": "9f31a49a-4294-4c16-a38b-71482ac3036b", "fields": {"created_at": "2025-06-28T16:04:01Z", "updated_at": "2025-06-28T16:04:05.696Z", "url": "https://t.me/c/2611547841/18"}}, {"model": "upload.video", "pk": "9f3c3404-4b47-40d0-8778-3281d63ee0a6", "fields": {"created_at": "2025-06-28T14:52:33Z", "updated_at": "2025-06-28T14:52:38.269Z", "url": "https://t.me/c/2768244801/54"}}, {"model": "upload.video", "pk": "a1d8475e-ef39-4aa8-8b65-3069beca601a", "fields": {"created_at": "2025-06-28T15:20:51Z", "updated_at": "2025-06-28T15:20:54.972Z", "url": "https://t.me/c/2611547841/4"}}, {"model": "upload.video", "pk": "a78dd04f-e559-4211-9fd9-6cfe8bdcd136", "fields": {"created_at": "2025-06-16T08:49:40Z", "updated_at": "2025-06-16T08:49:43.523Z", "url": "https://youtu.be/m7WOGlt0F2o?si=UqHfNiValkS0nrmC"}}, {"model": "upload.video", "pk": "ae27b874-f913-4a96-a4fd-a5bcef00fe39", "fields": {"created_at": "2025-06-28T14:15:12Z", "updated_at": "2025-06-28T14:15:18.464Z", "url": "https://t.me/c/2768244801/51"}}, {"model": "upload.video", "pk": "b19f2169-0302-4add-a705-a0ae19a3f669", "fields": {"created_at": "2025-06-28T15:27:18Z", "updated_at": "2025-06-28T15:27:21.529Z", "url": "https://t.me/c/2768244801/76"}}, {"model": "upload.video", "pk": "b57eb6f3-5736-4b82-b17b-01be3ac5b855", "fields": {"created_at": "2025-06-28T14:50:39Z", "updated_at": "2025-06-28T14:50:44.843Z", "url": "https://t.me/c/2768244801/54"}}, {"model": "upload.video", "pk": "c9ed67c7-1af3-48c3-880e-3db5eab7df7d", "fields": {"created_at": "2025-06-28T15:34:16Z", "updated_at": "2025-06-28T15:34:20.336Z", "url": "https://t.me/c/2768244801/78"}}, {"model": "upload.video", "pk": "cb21a1b9-7752-41b4-88cc-5505cf85c2bc", "fields": {"created_at": "2025-06-28T15:25:35Z", "updated_at": "2025-06-28T15:25:39.784Z", "url": "https://t.me/c/2611547841/6"}}, {"model": "upload.video", "pk": "cf3c51cf-7691-42d3-a0cb-051a233f5476", "fields": {"created_at": "2025-06-28T15:46:44Z", "updated_at": "2025-06-28T15:46:50.055Z", "url": "https://t.me/c/2768244801/129"}}, {"model": "upload.video", "pk": "cf8600c2-74c2-4204-8766-70b903664a7c", "fields": {"created_at": "2025-06-28T15:38:30Z", "updated_at": "2025-06-28T15:38:34.027Z", "url": "https://t.me/c/2611547841/10"}}, {"model": "upload.video", "pk": "f48729b1-130f-4394-8280-809e79418f20", "fields": {"created_at": "2025-06-28T14:43:56Z", "updated_at": "2025-06-28T14:44:00.270Z", "url": "https://t.me/c/2768244801/54"}}, {"model": "upload.video", "pk": "f5ef9876-4328-4baf-975e-3799dea423ab", "fields": {"created_at": "2025-06-28T15:55:41Z", "updated_at": "2025-06-28T15:55:45.620Z", "url": "https://t.me/c/2768244801/133"}}, {"model": "course.coursetype", "pk": "020afa4e-f02d-4291-b4db-db2f655fd340", "fields": {"created_at": "2025-06-14T08:12:37Z", "updated_at": "2025-06-14T08:12:48.367Z", "name": "A1-B1 gacha"}}, {"model": "course.coursetype", "pk": "237ce973-1f37-419c-9cd9-78d39fdd0209", "fields": {"created_at": "2025-06-28T11:02:02Z", "updated_at": "2025-06-28T11:02:11.111Z", "name": "B1 daraja"}}, {"model": "course.coursetype", "pk": "33f25850-1339-48d0-9d1e-8ed1db2e52ff", "fields": {"created_at": "2025-06-14T08:12:05Z", "updated_at": "2025-06-14T08:12:08.887Z", "name": "A1 daraja"}}, {"model": "course.coursetype", "pk": "484008ec-e049-49ca-85fb-64405d3ee01f", "fields": {"created_at": "2025-06-28T11:09:19Z", "updated_at": "2025-06-28T11:09:28.808Z", "name": "A1 daraja"}}, {"model": "course.coursetype", "pk": "8361681a-1592-4683-bd78-044f7edff9eb", "fields": {"created_at": "2025-06-14T08:11:35Z", "updated_at": "2025-06-14T08:11:47.175Z", "name": "B1 daraja"}}, {"model": "course.coursetype", "pk": "83c86772-1af0-4826-a082-7d035afe515f", "fields": {"created_at": "2025-06-28T11:01:28Z", "updated_at": "2025-06-28T11:01:48.901Z", "name": "A1 daraja"}}, {"model": "course.coursetype", "pk": "95f1bfde-fd91-4719-9a97-d43a77e58c3b", "fields": {"created_at": "2025-06-28T11:02:14Z", "updated_at": "2025-06-28T11:02:24.975Z", "name": "Grammatika darslari"}}, {"model": "course.coursetype", "pk": "96808b40-0947-4969-ac98-00d860baedff", "fields": {"created_at": "2025-06-12T12:12:22Z", "updated_at": "2025-06-14T08:11:24.571Z", "name": "A2 daraja"}}, {"model": "course.coursetype", "pk": "a8463283-a46c-4720-a9d0-022b2b8341ba", "fields": {"created_at": "2025-06-28T11:01:51Z", "updated_at": "2025-06-28T11:01:59.577Z", "name": "A2 daraja"}}, {"model": "course.coursetype", "pk": "ca9d51bb-0f23-4454-baec-2d91776ea89d", "fields": {"created_at": "2025-06-14T08:13:04Z", "updated_at": "2025-06-14T08:13:20.061Z", "name": "A1-B1 dajalar"}}, {"model": "course.course", "pk": "5d5414ee-4d80-4021-b4fa-a46bb2cbd511", "fields": {"created_at": "2025-06-28T15:12:21Z", "updated_at": "2025-06-28T15:13:55.319Z", "name": "💫 Premium ta’rif", "description": "Ushbu kurs nemis tilini o‘rganmoqchi bo‘lgan har bir kishi — istalgan yoshdagi boshlovchilar, tilni qayta esga olmoqchilar yoki o‘z darajasini mustahkamlashni xohlovchilar uchun mo‘ljallangan. 👨‍🎓👩‍🎓\r\n\r\n📚 Kurs A1, A2 va B1 bosqichlariga bo‘lingan bo‘lib, sizni oddiy tushunishdan tortib erkin muloqotga qadar olib chiqadi\r\n🎯 Kursimiz har bir bosqichni sodda, tushunarli va interaktiv uslubda o‘rgatadi.\r\n🎓 O‘quv yakunida siz mustaqil fikrlay oladigan va nemis tilida o‘z fikringizni bemalol bayon eta oladigan darajaga yetasiz!\r\n\r\n📘 50 ta grammatika darsi (A1 dan B1 gacha)\r\n📗 36 ta A1 Spektrum darsi\r\n📙 36 ta A2 Spektrum darsi\r\n📕 20 ta B1 Aspekte darsi\r\n🎧 Audio darslik\r\n📝 Har bir mavzu uchun testlar va mashqlar bajarish\r\n📄 B1 Aspekte kitobidan matn tarjimalari \r\n🎧 Maxsus tinglab tushunish uchun audiolar\r\n📚 Lug’atlar tarjimasi bilan\r\n🗣️ Sprechen uchun maxsus matnlar\r\n🎬 Maxsus subtitir bilan kinolar\r\n🎞️ Darajaga mos multfilmlar\r\n🎵 Musiqlar to’plami\r\n🗺️ Nemis tilini o’rganish uchun maxsus yo’l xaritasi\r\n🎙️ Maxsus podcastlar\r\n🎥 Lola Suvonovaning maxsus 12 ta sprechen uchun video darsligi\r\n💡 Personal skillarni rivojlantirish uchun video\r\n📊 Progres test tizimi\r\n\r\n👥 15 kishilik yopiq telegram guruh\r\n🗓️ Haftada 2 kun ustoz bilan yopiq telegram guruhda jonli suhbat\r\n👨‍🏫 Maxsus kurator\r\n💬 1 oyda 1 marta C2 darajadagi ustoz bilan speaking club\r\n📜 Kurs yakunida har bir o’quvchiga maxsus sertifikat\r\n🎉 Jonli bitiruv oqshomi\r\n\r\n🗓️ Platformadan foydalanish uchun 1 yillik dostup", "photo": null, "price": 849000.0, "course_type": ["83c86772-1af0-4826-a082-7d035afe515f", "a8463283-a46c-4720-a9d0-022b2b8341ba", "237ce973-1f37-419c-9cd9-78d39fdd0209"]}}, {"model": "course.course", "pk": "af31e030-a504-40a3-8443-50ac48e609fa", "fields": {"created_at": "2025-06-28T15:14:02Z", "updated_at": "2025-06-28T15:15:33.061Z", "name": "👑 VIP ta’rif", "description": "Ushbu kurs nemis tilini o‘rganmoqchi bo‘lgan har bir kishi — istalgan yoshdagi boshlovchilar, tilni qayta esga olmoqchilar yoki o‘z darajasini mustahkamlashni xohlovchilar uchun mo‘ljallangan. 👨‍🎓👩‍🎓\r\n\r\n📚 Kurs A1, A2 va B1 bosqichlariga bo‘lingan bo‘lib, sizni oddiy tushunishdan tortib erkin muloqotga qadar olib chiqadi\r\n🎯 Kursimiz har bir bosqichni sodda, tushunarli va interaktiv uslubda o‘rgatadi.\r\n🎓 O‘quv yakunida siz mustaqil fikrlay oladigan va nemis tilida o‘z fikringizni bemalol bayon eta oladigan darajaga yetasiz!\r\n\r\n📘 50 ta grammatika darsi (A1 dan B1 gacha)\r\n📗 36 ta A1 Spektrum darsi\r\n📙 36 ta A2 Spektrum darsi\r\n📕 20 ta B1 Aspekte darsi\r\n🎧 Audio darslik\r\n📝 Har bir mavzu uchun testlar va mashqlar bajarish\r\n📄 B1 Aspekte kitobidan matn tarjimalari \r\n🎧 Maxsus tinglab tushunish uchun audiolar\r\n📚 Lug’atlar tarjimasi bilan\r\n🗣️ Sprechen uchun maxsus matnlar\r\n🎬 Maxsus subtitir bilan kinolar\r\n🎞️ Darajaga mos multfilmlar\r\n🎵 Musiqlar to’plami\r\n🗺️ Nemis tilini o’rganish uchun maxsus yo’l xaritasi\r\n🎙️ Maxsus podcastlar\r\n🎥 Lola Suvonovaning maxsus 12 ta sprechen uchun video darsligi\r\n💡 Personal skillarni rivojlantirish uchun video\r\n📊 Progres test tizimi\r\n\r\n🙋‍♂️ Individual yondashuv\r\n🔐 1 kishilik yopiq telegram guruh\r\n🗓️ Haftada 2 kun ustoz bilan yopiq telegram guruhda jonli suhbat\r\n👨‍🏫 Maxsus kurator\r\n💬 1 oyda 1 marta C2 darajadagi ustoz bilan speaking club\r\n📜 Kurs yakunida har bir o’quvchiga maxsus sertifikat\r\n🎉 Jonli bitiruv oqshomi\r\n\r\n🗓️ Platformadan foydalanish uchun 1 yillik dostup", "photo": null, "price": 1449000.0, "course_type": ["83c86772-1af0-4826-a082-7d035afe515f", "a8463283-a46c-4720-a9d0-022b2b8341ba", "237ce973-1f37-419c-9cd9-78d39fdd0209"]}}, {"model": "course.course", "pk": "d4cf2726-2203-4f7b-87af-e90f4cd75ac2", "fields": {"created_at": "2025-06-28T15:03:34Z", "updated_at": "2025-06-28T15:11:20.001Z", "name": "⭐ Standart ta’rif", "description": "Ushbu kurs nemis tilini o‘rganmoqchi bo‘lgan har bir kishi — istalgan yoshdagi boshlovchilar, tilni qayta esga olmoqchilar yoki o‘z darajasini mustahkamlashni xohlovchilar uchun mo‘ljallangan. 👨‍🎓👩‍🎓\r\n\r\n📚 Kurs A1, A2 va B1 bosqichlariga bo‘lingan bo‘lib, sizni oddiy tushunishdan tortib erkin muloqotga qadar olib chiqadi\r\n🎯 Kursimiz har bir bosqichni sodda, tushunarli va interaktiv uslubda o‘rgatadi.\r\n🎓 O‘quv yakunida siz mustaqil fikrlay oladigan va nemis tilida o‘z fikringizni bemalol bayon eta oladigan darajaga yetasiz!\r\n\r\n📘 50 ta grammatika darsi A1 dan B1 gacha\r\n📗 36 ta A1 Spektrum darsi\r\n📙 36 ta A2 Spektrum darsi\r\n📕 20 ta B1 Aspekte darsi\r\n🎧 Audio darslik\r\n📝 Har bir mavzu uchun mashqlar va testlar bajarish\r\n📄 Matn tarjimalari B1 Aspekte kitobidan\r\n🎧 Maxsus tinglab tushunish uchun audiolar\r\n📚 Lug’atlar tarjimasi bilan\r\n🗣️ Sprechen uchun maxsus matnlar\r\n🎬 Maxsus subtitir bilan kinolar\r\n🎞️ Darajaga mos multfilmlar\r\n🎵 Musiqlar to’plami\r\n🗺️ Nemis tilini o’rganish uchun maxsus yo’l xaritasi\r\n🎙️ Maxsus podcastlar\r\n\r\n🗓️ Platformadan foydalanish uchun 1 yillik dostup", "photo": null, "price": 549000.0, "course_type": ["83c86772-1af0-4826-a082-7d035afe515f", "a8463283-a46c-4720-a9d0-022b2b8341ba", "237ce973-1f37-419c-9cd9-78d39fdd0209"]}}, {"model": "theme.theme", "pk": "0d7804a2-777f-435e-a651-2c9380cb51fb", "fields": {"created_at": "2025-06-28T15:48:02Z", "updated_at": "2025-06-28T15:49:35.823Z", "name": "15-dars.Artikel", "description": "🧩 Artikel – Nemis tilida ot oldidagi aniqlovchilar\r\nNemis tilida har bir ot (narsaning nomi) artikl bilan birga ishlatiladi. Artikl otning jinsini (rodini) va gapdagi rolini bildiradi.\r\n\r\n📌 Artikl turlari:\r\nNominativ (asosiy shakl) uchun:\r\n\r\nder – erkak jins (masalan: der Tisch)\r\n\r\ndie – ayol jins (masalan: die Lampe)\r\n\r\ndas – o‘rta jins (masalan: das Buch)\r\n\r\ndie – ko‘plik (barcha jinslar uchun: die Bücher)\r\n\r\n🧠 Nima uchun bu muhim?\r\nArtiklni to‘g‘ri ishlatish:\r\n\r\nFe’l va ot o‘rtasidagi grammatik bog‘lanishni ko‘rsatadi\r\n\r\nKelishiklar (Nominativ, Akkusativ, Dativ) o‘zgarishlarini tushunishga yordam beradi\r\n\r\nTo‘g‘ri gap tuzish uchun zarur\r\n\r\n📝 Misollar:\r\nDer Mann liest. – Erkak o‘qiyapti.\r\n\r\nIch sehe die Lampe. – Men lampani ko‘ryapman.", "course": "d4cf2726-2203-4f7b-87af-e90f4cd75ac2", "materials": null, "link": null, "sprechen": "", "schreiben": "", "youtube": null, "video": ["5b612699-e68c-4ec3-97e3-8cc975d9dd75"], "course_type": ["83c86772-1af0-4826-a082-7d035afe515f"]}}, {"model": "theme.theme", "pk": "27b061a2-1bae-4034-bbaa-72d8d2b53572", "fields": {"created_at": "2025-06-28T15:25:48Z", "updated_at": "2025-06-28T15:36:05.775Z", "name": "8-dars. Spektrum A1 2.Kapitel (1-qism)", "description": "📘 Spektrum A1+, Kapitel 2 – Alltag und Beruf\r\nUshbu bob sizni kundalik hayot va kasblar dunyosiga olib kiradi. O‘quvchilar nemis tilida oddiy ishlar, kasblar va kun tartibi haqida gapirishni o‘rganadilar. Asosiy yo‘nalishlar:\r\n\r\nKasblarni nomlash va ular haqida gapirish\r\n\r\nKundalik faoliyatlar (uyqu, ish, nonushta, sport va h.k.) haqida so‘zlash\r\n\r\nKun davomida vaqtni ifodalash (soat nechi bo‘lgani, vaqt ketma-ketligi)\r\n\r\n“haben” va “sein” yordamchi fe’llarini takrorlash\r\n\r\nModal fe’llar: müssen, können va ularning qo‘llanilishi\r\n\r\nFe’llarning hozirgi zamonda tuslanishi va gap tuzish\r\n\r\nBu bob orqali siz kunlik muloqotlarda eng ko‘p ishlatiladigan so‘zlar va tuzilmalarni o‘zlashtirasiz.", "course": "d4cf2726-2203-4f7b-87af-e90f4cd75ac2", "materials": null, "link": "https://wordwall.net/resource/92460508", "sprechen": "", "schreiben": "", "youtube": null, "video": ["b19f2169-0302-4add-a705-a0ae19a3f669"], "course_type": ["83c86772-1af0-4826-a082-7d035afe515f"]}}, {"model": "theme.theme", "pk": "2d58aefd-0e49-4a9e-bdec-3310222f08e0", "fields": {"created_at": "2025-06-28T15:32:15Z", "updated_at": "2025-06-28T15:33:47.182Z", "name": "9-dars. Trennbare und untrennbare Verben", "description": "🔗 Trennbare und untrennbare Verben – Ajraluvchi va ajralmaydigan fe’llar\r\nBu mavzuda siz nemis tilidagi ajraluvchi (trennbare) va ajralmaydigan (untrennbare) old qo‘shimchali fe’llarni o‘rganasiz.\r\n\r\n✅ Trennbare Verben – Ajraluvchi fe’llar:\r\nBu fe’llar gapda ishlatilganda old qo‘shimchasi ajralib, gap oxiriga o‘tadi.\r\nMisol:\r\n\r\naufstehen → Ich stehe um 7 Uhr auf.\r\n(soat 7 da turaman)\r\n\r\n❌ Untrennbare Verben – Ajralmaydigan fe’llar:\r\nBu fe’llarning old qo‘shimchalari ajralmaydi va fe’l bilan birga qoladi.\r\nMisol:\r\n\r\nverstehen → Ich verstehe dich.\r\n(Seni tushunaman)\r\n\r\nSiz bu mavzuda:\r\n\r\nQaysi qo‘shimchalar ajralishini\r\n\r\nGap tuzilishidagi farqlarni\r\n\r\nHar ikkala turdagi fe’llarning hozirgi zamondagi tuslanishini\r\no‘rganasiz.\r\n\r\nBu mavzu grammatikani chuqurroq tushunish va to‘g‘ri gap tuzish uchun juda muhimdir.", "course": "d4cf2726-2203-4f7b-87af-e90f4cd75ac2", "materials": null, "link": null, "sprechen": "", "schreiben": "", "youtube": null, "video": ["543604e2-ecf2-4536-9016-dab911ea668f"], "course_type": ["83c86772-1af0-4826-a082-7d035afe515f"]}}, {"model": "theme.theme", "pk": "3a28f363-12d1-4ebc-ae0a-ad727b104ee3", "fields": {"created_at": "2025-06-28T15:51:50Z", "updated_at": "2025-06-28T15:53:42.727Z", "name": "17-dars.Negation", "description": "🚫 Negation – Nemis tilida inkor shakli\r\nUshbu mavzuda siz nemis tilida salbiy (inkor) gaplar tuzishni o‘rganasiz. Inkor orqali biror narsa yo‘qligini, bo‘lmasligini yoki qilinmasligini bildiramiz.\r\n\r\n📌 Inkorning asosiy shakllari:\r\nnicht – fe’l, sifat, ravish yoki butun gapni inkor qiladi.\r\nMisollar:\r\n\r\nIch arbeite nicht. – Men ishlamayapman.\r\n\r\nDas ist nicht gut. – Bu yaxshi emas.\r\n\r\nkein / keine / keinen – otlarni (artiklli so‘zlarni) inkor qilish uchun ishlatiladi.\r\nMisollar:\r\n\r\nIch habe keinen Hund. – Menda it yo‘q.\r\n\r\nSie hat keine Zeit. – Unda vaqt yo‘q.\r\n\r\n🧠 Nima uchun muhim?\r\nTo‘g‘ri inkor qilish sizga fikr bildirayotganda:\r\n\r\nNoto‘g‘ri tushunishni oldini oladi\r\n\r\nAniq va ravon gapirishga yordam beradi\r\n\r\nSavollarga \"yo‘q\" deb to‘g‘ri javob bera olishni o‘rgatadi", "course": "d4cf2726-2203-4f7b-87af-e90f4cd75ac2", "materials": null, "link": null, "sprechen": "", "schreiben": "", "youtube": null, "video": ["21186006-aed7-418d-bad0-c3f3e9d96a53"], "course_type": ["83c86772-1af0-4826-a082-7d035afe515f"]}}, {"model": "theme.theme", "pk": "3f14e249-ce7a-4825-8815-a5999db91ce2", "fields": {"created_at": "2025-06-28T15:21:35Z", "updated_at": "2025-06-28T15:36:57.959Z", "name": "6-dars. Spektrum A1 1. Kapitel (3-qism)", "description": "Bu bobda siz o‘zingizni tanishtirish, boshqa odamlar bilan salomlashish va ularning kelib chiqishi haqida so‘rashni o‘rganasiz. Mavzu davomida quyidagilar bilan tanishasiz:\r\n\r\nIsm, kasb va mamlakat haqida gapirish\r\n\r\nMashhur shaxslar haqida qisqacha ma'lumot berish\r\n\r\nShaxsiy ma'lumotlar (telefon raqami, email manzili)\r\n\r\n“sein” va “kommen” fe’llarining hozirgi zamonda qo‘llanishi\r\n\r\nNemis alifbosi va talaffuzi\r\n\r\nBu bob nemis tilida muloqot qilishning ilk bosqichlarini egallashga yordam beradi. O‘quvchilar real hayotga yaqin muloqot vaziyatlari orqali til ko‘nikmalarini shakllantiradilar.", "course": "d4cf2726-2203-4f7b-87af-e90f4cd75ac2", "materials": null, "link": "https://wordwall.net/resource/92455068", "sprechen": "", "schreiben": "", "youtube": null, "video": ["6977d59b-bac1-452f-8bed-1162c72e5eb3"], "course_type": ["83c86772-1af0-4826-a082-7d035afe515f"]}}, {"model": "theme.theme", "pk": "40d841df-fcd9-4561-a734-0f8f218a4632", "fields": {"created_at": "2025-06-28T15:42:53Z", "updated_at": "2025-06-28T15:47:39.903Z", "name": "14-dars. Spektrum A1 3.Kapitel (1-qism)", "description": "📘 Spektrum A1+, Kapitel 3 – Essen und Trinken\r\nUshbu bobda siz nemis tilida ovqatlanish, ichimliklar, va do‘konda xarid qilish mavzulari bilan tanishasiz. Kundalik hayotda foydali bo‘lgan so‘zlar va iboralarni o‘rganasiz.\r\n\r\n🍽️ Asosiy mavzular:\r\nOziq-ovqat mahsulotlari va ichimlik nomlari\r\n\r\nDo‘konda savdo qilish: narx so‘rash, mahsulot so‘rash\r\n\r\nOvqatlanish odatlari haqida gapirish\r\n\r\nMenyuni tushunish va buyurtma berish\r\n\r\nMiqdor bildiruvchi so‘zlar: ein Kilo, eine Flasche, ein Stück\r\n\r\nFe’llar: essen, trinken, kaufen va ularning tuslanishi\r\n\r\nAkkusativ (tushum kelishigi)ga kirish: artikl o‘zgarishi (den, einen)\r\n\r\n🎯 Nima uchun muhim?\r\nBu bob sizga restoran, kafe yoki do‘konda o‘zingizni erkin ifoda etish imkonini beradi. Real hayotdagi muloqotlarda tez-tez qo‘llaniladigan mavzudir.", "course": "d4cf2726-2203-4f7b-87af-e90f4cd75ac2", "materials": null, "link": "https://wordwall.net/resource/92486288", "sprechen": "", "schreiben": "", "youtube": null, "video": ["cf3c51cf-7691-42d3-a0cb-051a233f5476"], "course_type": ["83c86772-1af0-4826-a082-7d035afe515f"]}}, {"model": "theme.theme", "pk": "41250249-a25a-43f3-8a65-f5adb175668e", "fields": {"created_at": "2025-06-28T16:02:04Z", "updated_at": "2025-06-28T16:04:12.237Z", "name": "20-dars. Possesivartikel", "description": "🧩 Possessivartikel – Egalik bildiruvchi artikllar\r\nUshbu mavzuda siz nemis tilida kimga tegishli ekanini ifodalovchi so‘zlar – possesiv artikllar bilan tanishasiz. Ular otlardan oldin keladi va egalikni bildiradi.\r\n\r\n📌 Asosiy egalik artikllar:\r\nmein – mening\r\n\r\ndein – sening\r\n\r\nsein / ihr / sein – uning (erkak / ayol / o‘rta jins)\r\n\r\nunser – bizning\r\n\r\neuer – sizlarning\r\n\r\nihr / Ihr – ularning / Sizning (hurmat shakli)\r\n\r\n📝 Misollar:\r\nDas ist mein Buch. – Bu mening kitobim.\r\n\r\nWo ist dein Handy? – Telefoning qayerda?\r\n\r\nSein Auto ist neu. – Uning mashinasi yangi.\r\n\r\n🧠 Nima uchun bu muhim?\r\nPossessiv artikllarni bilish sizga:\r\n\r\nO‘z narsalaringiz yoki boshqalarniki haqida gapirish\r\n\r\nAniqlik kiritish\r\n\r\nSuhbatda to‘g‘ri ifoda berish imkonini beradi", "course": "d4cf2726-2203-4f7b-87af-e90f4cd75ac2", "materials": null, "link": null, "sprechen": "", "schreiben": "", "youtube": null, "video": ["9f31a49a-4294-4c16-a38b-71482ac3036b"], "course_type": ["83c86772-1af0-4826-a082-7d035afe515f"]}}, {"model": "theme.theme", "pk": "427f562d-9ca7-4b45-a812-521b3c569e98", "fields": {"created_at": "2025-06-28T15:24:03Z", "updated_at": "2025-06-28T15:25:43.226Z", "name": "7-dars.Modalverben", "description": "🔧 Modalverben – Istak, ruxsat va majburiyatni ifodalovchi fe’llar\r\nUshbu mavzuda siz modal fe’llar bilan tanishasiz. Ular boshqa fe’l bilan birga ishlatiladi va istak, zarurat, ruxsat yoki majburiyat kabi ma’nolarni bildiradi.\r\n\r\nAsosiy modal fe’llar:\r\n\r\nkönnen – qila olish\r\n\r\nmüssen – kerak, majbur\r\n\r\ndürfen – ruxsat bo‘lish\r\n\r\nwollen – xohlamoq\r\n\r\nsollen – kerak bo‘lmoq (boshqalarning ko‘rsatmasi)\r\n\r\nmögen – yoqtirmoq\r\n\r\nMisollar:\r\n\r\nIch kann Deutsch sprechen. (Men nemischa gapira olaman.)\r\n\r\nDu musst lernen. (Sen o‘qishing kerak.)\r\n\r\nSiz bu mavzuda modal fe’llarning hozirgi zamondagi tuslanishi va ularning gapda qanday tartibda joylashishini o‘rganasiz.", "course": "d4cf2726-2203-4f7b-87af-e90f4cd75ac2", "materials": null, "link": null, "sprechen": "", "schreiben": "", "youtube": null, "video": ["cb21a1b9-7752-41b4-88cc-5505cf85c2bc"], "course_type": ["83c86772-1af0-4826-a082-7d035afe515f"]}}, {"model": "theme.theme", "pk": "580b575c-698c-4a2b-86b9-16b2ad7106e0", "fields": {"created_at": "2025-06-28T15:19:47Z", "updated_at": "2025-06-28T15:21:24.175Z", "name": "5-dars.  Sein und Haben", "description": "Bu mavzuda nemis tilidagi ikki asosiy fe’l – sein (bo‘lmoq) va haben (ega bo‘lmoq) bilan tanishasiz. Ular kundalik suhbatlarda juda ko‘p ishlatiladi.\r\n\r\nSein yordamida kimdir yoki nimadir haqida holat va tavsif beriladi:\r\nIch bin Schüler. (Men o‘quvchiman)\r\n\r\nHaben yordamida biror narsaga ega bo‘lish ifodalanadi:\r\nDu hast ein Buch. (Senda kitob bor)\r\n\r\nShuningdek, siz ushbu fe’llarning shaxsga qarab tuslanishini (ich bin, du bist, er hat, wir haben va h.k.) o‘rganasiz.", "course": "d4cf2726-2203-4f7b-87af-e90f4cd75ac2", "materials": null, "link": null, "sprechen": "", "schreiben": "", "youtube": null, "video": ["a1d8475e-ef39-4aa8-8b65-3069beca601a"], "course_type": ["83c86772-1af0-4826-a082-7d035afe515f"]}}, {"model": "theme.theme", "pk": "7480a1d8-b311-44c7-a648-20c7d238ecef", "fields": {"created_at": "2025-06-28T15:40:52Z", "updated_at": "2025-06-28T15:42:47.395Z", "name": "13-dars.Plural", "description": "🔤 Plural – Nemis tilida ko‘plik shakli\r\nUshbu mavzuda siz nemis tilida otlarning ko‘plik (plural) shaklini qanday hosil qilishni o‘rganasiz. Har bir otning ko‘plik shakli bir xil qoida bilan yasalmasligi sababli, bu mavzu alohida e’tibor talab qiladi.\r\n\r\n📌 Asosiy jihatlar:\r\nKo‘plik hosil qilish uchun otlarga -e, -en, -n, -er qo‘shimchalari qo‘shiladi yoki umlaut (ä, ö, ü) o‘zgarishi yuz beradi.\r\nMisollar:\r\n\r\nder Tisch → die Tische\r\n\r\ndie Blume → die Blumen\r\n\r\ndas Kind → die Kinder\r\n\r\nBa’zi so‘zlar o‘zgarmaydi:\r\n\r\ndas Fenster → die Fenster\r\n\r\n🧠 Nega bu muhim?\r\nPlural shakllarini bilish sizga to‘g‘ri gap tuzish, aniq ifoda berish va fikrni ko‘plikda bildirish uchun zarurdir.", "course": "d4cf2726-2203-4f7b-87af-e90f4cd75ac2", "materials": null, "link": null, "sprechen": "", "schreiben": "", "youtube": null, "video": ["635dc549-6cb6-44df-a2bd-3ab758b52f42"], "course_type": ["83c86772-1af0-4826-a082-7d035afe515f"]}}, {"model": "theme.theme", "pk": "776e6bad-bb31-4935-9a72-46b5148baf5c", "fields": {"created_at": "2025-06-28T15:50:10Z", "updated_at": "2025-06-28T15:51:46.911Z", "name": "16-dars. Spektrum A1 3.Kapitel (2-qism)", "description": "📘 Spektrum A1+, Kapitel 3 – Essen und Trinken\r\nUshbu bobda siz nemis tilida ovqatlanish, ichimliklar, va do‘konda xarid qilish mavzulari bilan tanishasiz. Kundalik hayotda foydali bo‘lgan so‘zlar va iboralarni o‘rganasiz.\r\n\r\n🍽️ Asosiy mavzular:\r\nOziq-ovqat mahsulotlari va ichimlik nomlari\r\n\r\nDo‘konda savdo qilish: narx so‘rash, mahsulot so‘rash\r\n\r\nOvqatlanish odatlari haqida gapirish\r\n\r\nMenyuni tushunish va buyurtma berish\r\n\r\nMiqdor bildiruvchi so‘zlar: ein Kilo, eine Flasche, ein Stück\r\n\r\nFe’llar: essen, trinken, kaufen va ularning tuslanishi\r\n\r\nAkkusativ (tushum kelishigi)ga kirish: artikl o‘zgarishi (den, einen)\r\n\r\n🎯 Nima uchun muhim?\r\nBu bob sizga restoran, kafe yoki do‘konda o‘zingizni erkin ifoda etish imkonini beradi. Real hayotdagi muloqotlarda tez-tez qo‘llaniladigan mavzudir.", "course": "d4cf2726-2203-4f7b-87af-e90f4cd75ac2", "materials": null, "link": "https://wordwall.net/resource/92486563", "sprechen": "", "schreiben": "", "youtube": null, "video": ["203c8acd-d2a5-4f0d-ae7b-fd95c34f165d"], "course_type": ["83c86772-1af0-4826-a082-7d035afe515f"]}}, {"model": "theme.theme", "pk": "77d143a4-876e-4247-a851-4be66fc39b4d", "fields": {"created_at": "2025-06-28T15:59:25Z", "updated_at": "2025-06-28T16:01:59.451Z", "name": "19-dars. Spektrum A1 4.Kapitel (1-qism)", "description": "🏠 Spektrum A1+, Kapitel 4 – Wohnen und Umgebung\r\nUshbu bobda siz yashash joyi, uy turi, va atrof-muhit haqida gapirishni o‘rganasiz. Darslar orqali o‘z uyingizni tasvirlash, manzilni aytish va yashash sharoiti haqida suhbatlashish ko‘nikmalarini egallaysiz.\r\n\r\n🛋️ Asosiy mavzular:\r\nTurar joy turlari: Wohnung, Haus, Zimmer\r\n\r\nUy jihozlari va xonalar nomlari (Küche, Bad, Bett, Tisch...)\r\n\r\nUy haqida so‘zlash va ta’riflash\r\n\r\nYashash joyingiz manzilini aytish (Adresse, Straße, Nummer)\r\n\r\nes gibt iborasi – mavjudlikni ifodalash\r\n\r\nAkkusativ va artikl o‘zgarishlarini davom ettirish\r\n\r\nFe’llar: wohnen, leben, haben, sein va ularning tuslanishi\r\n\r\n🎯 Nima uchun muhim?\r\nBu mavzu orqali siz nemis tilida:\r\n\r\nO‘zingizning yoki boshqalarning yashash joyi haqida to‘g‘ri gapira olasiz\r\n\r\nXarita yoki manzil so‘rash va tariflashni o‘rganasiz\r\n\r\nReal hayotda foydali bo‘lgan ko‘plab so‘zlar bilan tanishasiz", "course": "d4cf2726-2203-4f7b-87af-e90f4cd75ac2", "materials": null, "link": "https://wordwall.net/resource/92576624", "sprechen": "", "schreiben": "", "youtube": null, "video": ["0a50759e-4359-4eed-8006-2db2952f0943"], "course_type": ["83c86772-1af0-4826-a082-7d035afe515f"]}}, {"model": "theme.theme", "pk": "8b020eef-7a92-4f1a-9e23-bba3957d0e6c", "fields": {"created_at": "2025-06-28T14:08:02Z", "updated_at": "2025-06-28T15:16:59.581Z", "name": "1-dars.Das Alphabet", "description": "Ushbu mavzuda siz nemis tilidagi 26 ta asosiy harf va maxsus umlaut harflari (ä, ö, ü) hamda “ß” belgisi bilan tanishasiz. Har bir harfning to‘g‘ri talaffuzi va nemischa so‘zlardagi qo‘llanilishi o‘rganiladi. Bu mavzu yozish, o‘qish va talaffuz ko‘nikmalarining mustahkam poydevori bo‘lib xizmat qiladi.", "course": "d4cf2726-2203-4f7b-87af-e90f4cd75ac2", "materials": null, "link": null, "sprechen": "", "schreiben": "", "youtube": null, "video": ["38155dfd-4538-477c-b1cf-92c08f107bf3"], "course_type": ["83c86772-1af0-4826-a082-7d035afe515f"]}}, {"model": "theme.theme", "pk": "92cd1eec-df82-46cd-b33a-ce59f4ab2513", "fields": {"created_at": "2025-06-28T14:41:19Z", "updated_at": "2025-06-28T15:17:25.040Z", "name": "3-dars. Personalpronomen, Präsens und Vokalwechsel", "description": "Bu mavzuda nemis tilidagi asosiy grammatik tushunchalar bilan tanishasiz:\r\n\r\nPersonalpronomen – Men, sen, u kabi shaxs olmoshlari (ich, du, er, sie, es, wir, ihr, sie, Sie) bilan tanishib chiqasiz.\r\n\r\nPräsens – Fe’llarning hozirgi zamonda qanday tuslanishini o‘rganasiz. Bu kundalik gaplar tuzish uchun muhim bosqichdir.\r\n\r\nVokalwechsel – Ba’zi fe’llarda “du” va “er/sie/es” shakllarida unli harflar almashishi (masalan: fahren → du fährst) haqida ma’lumot olasiz.\r\n\r\nUshbu mavzu sizga nemis tilida to‘g‘ri va ravon gap tuzish uchun zarur asosiy grammatikani beradi.", "course": "d4cf2726-2203-4f7b-87af-e90f4cd75ac2", "materials": null, "link": null, "sprechen": "", "schreiben": "", "youtube": null, "video": ["750973d9-fb49-4326-ad21-414dd9d0ee86"], "course_type": ["83c86772-1af0-4826-a082-7d035afe515f"]}}, {"model": "theme.theme", "pk": "963357ac-d56e-4f28-b796-cce2da215556", "fields": {"created_at": "2025-06-28T15:39:00Z", "updated_at": "2025-06-28T15:40:37.367Z", "name": "12-dars.Spektrum A1 2.Kapitel (3-qism)", "description": "📘 Spektrum A1+, Kapitel 2 – Alltag und Beruf\r\nUshbu bob sizni kundalik hayot va kasblar dunyosiga olib kiradi. O‘quvchilar nemis tilida oddiy ishlar, kasblar va kun tartibi haqida gapirishni o‘rganadilar. Asosiy yo‘nalishlar:\r\n\r\nKasblarni nomlash va ular haqida gapirish\r\n\r\nKundalik faoliyatlar (uyqu, ish, nonushta, sport va h.k.) haqida so‘zlash\r\n\r\nKun davomida vaqtni ifodalash (soat nechi bo‘lgani, vaqt ketma-ketligi)\r\n\r\n“haben” va “sein” yordamchi fe’llarini takrorlash\r\n\r\nModal fe’llar: müssen, können va ularning qo‘llanilishi\r\n\r\nFe’llarning hozirgi zamonda tuslanishi va gap tuzish\r\n\r\nBu bob orqali siz kunlik muloqotlarda eng ko‘p ishlatiladigan so‘zlar va tuzilmalarni o‘zlashtirasiz.", "course": "d4cf2726-2203-4f7b-87af-e90f4cd75ac2", "materials": null, "link": "https://wordwall.net/resource/92461564", "sprechen": "", "schreiben": "", "youtube": null, "video": ["73763ed2-01c0-4505-87f9-7dd49c552367"], "course_type": ["83c86772-1af0-4826-a082-7d035afe515f"]}}, {"model": "theme.theme", "pk": "a0b0abb8-2a3d-42d6-8197-a87bcddcd29d", "fields": {"created_at": "2025-06-28T15:37:06Z", "updated_at": "2025-06-28T15:38:38.865Z", "name": "11-dars. W-Fragen,Ja/Nein Fragen und Wörter im Satz", "description": "❓ W-Fragen, Ja/Nein-Fragen und Wörter im Satz – Savol tuzish va gap tartibi\r\nUshbu mavzuda siz nemis tilida savol berish va gapdagi so‘zlar tartibini o‘rganasiz. Bu kundalik muloqot uchun juda muhim bo‘lgan mavzudir.\r\n\r\n🟢 W-Fragen – So‘roq so‘zlari bilan savollar:\r\nSavollar was, wo, wann, wie, warum kabi so‘roq so‘zlari bilan boshlanadi.\r\nMisol: Wo wohnst du? – (Sen qayerda yashaysan?)\r\n\r\n🔵 Ja/Nein-Fragen – Ha/yo‘q bilan javob beriladigan savollar:\r\nBu savollar fe’l bilan boshlanadi.\r\nMisol: Kommst du aus Deutschland? – (Sen Germaniyadansanmi?)\r\nJavob: Ja, ich komme aus Deutschland. yoki Nein, ich komme aus der Schweiz.\r\n\r\n🟡 Wörter im Satz – Gapdagi so‘zlar tartibi:\r\nSiz gapda subyekt, fe’l va boshqa so‘zlar qanday tartibda kelishini o‘rganasiz.\r\nMasalan:\r\n\r\nIch lerne Deutsch.\r\n\r\nHeute lerne ich Deutsch.\r\n\r\nUshbu mavzu yordamida siz savollarni to‘g‘ri tuzishni va gapdagi so‘zlarning joylashishini o‘zlashtirasiz.", "course": "d4cf2726-2203-4f7b-87af-e90f4cd75ac2", "materials": null, "link": null, "sprechen": "", "schreiben": "", "youtube": null, "video": ["cf8600c2-74c2-4204-8766-70b903664a7c"], "course_type": ["83c86772-1af0-4826-a082-7d035afe515f"]}}, {"model": "theme.theme", "pk": "bcc7d3fe-edef-4d60-a28b-b57b63e742e3", "fields": {"created_at": "2025-06-28T15:33:51Z", "updated_at": "2025-06-28T15:35:49.206Z", "name": "10-dars. Spektrum A1 2.Kapitel (2-qism)", "description": "📘 Spektrum A1+, Kapitel 2 – Alltag und Beruf\r\nUshbu bob sizni kundalik hayot va kasblar dunyosiga olib kiradi. O‘quvchilar nemis tilida oddiy ishlar, kasblar va kun tartibi haqida gapirishni o‘rganadilar. Asosiy yo‘nalishlar:\r\n\r\nKasblarni nomlash va ular haqida gapirish\r\n\r\nKundalik faoliyatlar (uyqu, ish, nonushta, sport va h.k.) haqida so‘zlash\r\n\r\nKun davomida vaqtni ifodalash (soat nechi bo‘lgani, vaqt ketma-ketligi)\r\n\r\n“haben” va “sein” yordamchi fe’llarini takrorlash\r\n\r\nModal fe’llar: müssen, können va ularning qo‘llanilishi\r\n\r\nFe’llarning hozirgi zamonda tuslanishi va gap tuzish\r\n\r\nBu bob orqali siz kunlik muloqotlarda eng ko‘p ishlatiladigan so‘zlar va tuzilmalarni o‘zlashtirasiz.", "course": null, "materials": null, "link": "https://wordwall.net/resource/92460952", "sprechen": "", "schreiben": "", "youtube": null, "video": ["c9ed67c7-1af3-48c3-880e-3db5eab7df7d"], "course_type": ["83c86772-1af0-4826-a082-7d035afe515f"]}}, {"model": "theme.theme", "pk": "c8f5c718-38f7-40b6-8716-04e0c7d808c7", "fields": {"created_at": "2025-06-28T14:44:40Z", "updated_at": "2025-06-28T15:36:41.154Z", "name": "4-dars. Spektrum A1  1.Kapitel (2-qism)", "description": "Bu bobda siz o‘zingizni tanishtirish, boshqa odamlar bilan salomlashish va ularning kelib chiqishi haqida so‘rashni o‘rganasiz. Mavzu davomida quyidagilar bilan tanishasiz:\r\n\r\nIsm, kasb va mamlakat haqida gapirish\r\n\r\nMashhur shaxslar haqida qisqacha ma'lumot berish\r\n\r\nShaxsiy ma'lumotlar (telefon raqami, email manzili)\r\n\r\n“sein” va “kommen” fe’llarining hozirgi zamonda qo‘llanishi\r\n\r\nNemis alifbosi va talaffuzi\r\n\r\nBu bob nemis tilida muloqot qilishning ilk bosqichlarini egallashga yordam beradi. O‘quvchilar real hayotga yaqin muloqot vaziyatlari orqali til ko‘nikmalarini shakllantiradilar.", "course": "d4cf2726-2203-4f7b-87af-e90f4cd75ac2", "materials": null, "link": "https://wordwall.net/resource/92454218", "sprechen": "", "schreiben": "", "youtube": null, "video": ["9f3c3404-4b47-40d0-8778-3281d63ee0a6"], "course_type": ["83c86772-1af0-4826-a082-7d035afe515f"]}}, {"model": "theme.theme", "pk": "c961fe29-4ea0-4f31-bcdb-9147f9b2613b", "fields": {"created_at": "2025-06-28T15:54:43Z", "updated_at": "2025-06-28T15:56:43.669Z", "name": "18-dars. Spektrum A1 3.Kapitel (3-qism)", "description": "📘 Spektrum A1+, Kapitel 3 – Essen und Trinken\r\nUshbu bobda siz nemis tilida ovqatlanish, ichimliklar, va do‘konda xarid qilish mavzulari bilan tanishasiz. Kundalik hayotda foydali bo‘lgan so‘zlar va iboralarni o‘rganasiz.\r\n\r\n🍽️ Asosiy mavzular:\r\nOziq-ovqat mahsulotlari va ichimlik nomlari\r\n\r\nDo‘konda savdo qilish: narx so‘rash, mahsulot so‘rash\r\n\r\nOvqatlanish odatlari haqida gapirish\r\n\r\nMenyuni tushunish va buyurtma berish\r\n\r\nMiqdor bildiruvchi so‘zlar: ein Kilo, eine Flasche, ein Stück\r\n\r\nFe’llar: essen, trinken, kaufen va ularning tuslanishi\r\n\r\nAkkusativ (tushum kelishigi)ga kirish: artikl o‘zgarishi (den, einen)\r\n\r\n🎯 Nima uchun muhim?\r\nBu bob sizga restoran, kafe yoki do‘konda o‘zingizni erkin ifoda etish imkonini beradi. Real hayotdagi muloqotlarda tez-tez qo‘llaniladigan mavzudir.", "course": "d4cf2726-2203-4f7b-87af-e90f4cd75ac2", "materials": null, "link": "https://wordwall.net/resource/92487069", "sprechen": "", "schreiben": "", "youtube": null, "video": ["f5ef9876-4328-4baf-975e-3799dea423ab"], "course_type": ["83c86772-1af0-4826-a082-7d035afe515f"]}}, {"model": "theme.theme", "pk": "f9f440a8-e118-4765-aacf-bf4c5f7ae79c", "fields": {"created_at": "2025-06-28T14:13:38Z", "updated_at": "2025-06-28T15:36:27.464Z", "name": "2-dars.Spektrum  A1  1.Kapitel (1-qism)", "description": "Bu bobda siz o‘zingizni tanishtirish, boshqa odamlar bilan salomlashish va ularning kelib chiqishi haqida so‘rashni o‘rganasiz. Mavzu davomida quyidagilar bilan tanishasiz:\r\n\r\nIsm, kasb va mamlakat haqida gapirish\r\n\r\nMashhur shaxslar haqida qisqacha ma'lumot berish\r\n\r\nShaxsiy ma'lumotlar (telefon raqami, email manzili)\r\n\r\n“sein” va “kommen” fe’llarining hozirgi zamonda qo‘llanishi\r\n\r\nNemis alifbosi va talaffuzi\r\n\r\nBu bob nemis tilida muloqot qilishning ilk bosqichlarini egallashga yordam beradi. O‘quvchilar real hayotga yaqin muloqot vaziyatlari orqali til ko‘nikmalarini shakllantiradilar.", "course": "d4cf2726-2203-4f7b-87af-e90f4cd75ac2", "materials": null, "link": "https://wordwall.net/resource/92452780", "sprechen": "", "schreiben": "", "youtube": null, "video": ["ae27b874-f913-4a96-a4fd-a5bcef00fe39"], "course_type": ["83c86772-1af0-4826-a082-7d035afe515f"]}}, {"model": "theme.themeattendance", "pk": "648ee149-d198-4c68-ac2b-e10c7e425529", "fields": {"created_at": "2025-06-29T07:08:29.662Z", "updated_at": "2025-06-29T07:08:29.663Z", "user": "ebaa81fa-d193-404d-b602-a6f1418c35c4", "theme": "41250249-a25a-43f3-8a65-f5adb175668e", "is_attendance": true, "is_complete_test": false, "ball": 0}}, {"model": "theme.themeattendance", "pk": "83ba5893-a24d-403d-9568-bd312b6d3d09", "fields": {"created_at": "2025-06-16T11:30:17.304Z", "updated_at": "2025-06-16T14:44:46.016Z", "user": "f327dc82-030c-465c-8cb9-ad394ff79e5f", "theme": null, "is_attendance": true, "is_complete_test": true, "ball": 0}}, {"model": "theme.themeattendance", "pk": "97de98a3-24eb-4738-9623-904161f31071", "fields": {"created_at": "2025-06-28T14:28:02.570Z", "updated_at": "2025-06-28T14:28:02.571Z", "user": "f327dc82-030c-465c-8cb9-ad394ff79e5f", "theme": "f9f440a8-e118-4765-aacf-bf4c5f7ae79c", "is_attendance": true, "is_complete_test": false, "ball": 0}}, {"model": "theme.themeattendance", "pk": "b220c299-e50e-417a-818b-803c8954abac", "fields": {"created_at": "2025-06-29T07:10:48.294Z", "updated_at": "2025-06-29T07:10:48.294Z", "user": "ebaa81fa-d193-404d-b602-a6f1418c35c4", "theme": "c8f5c718-38f7-40b6-8716-04e0c7d808c7", "is_attendance": true, "is_complete_test": false, "ball": 0}}, {"model": "theme.themeattendance", "pk": "b8c3661d-c7eb-4ece-9860-580cb19fd009", "fields": {"created_at": "2025-06-28T14:10:51.667Z", "updated_at": "2025-06-28T14:10:51.668Z", "user": "f327dc82-030c-465c-8cb9-ad394ff79e5f", "theme": "8b020eef-7a92-4f1a-9e23-bba3957d0e6c", "is_attendance": true, "is_complete_test": false, "ball": 0}}, {"model": "theme.themeattendance", "pk": "cfbd5640-b1a2-4042-9a4e-1e8374fc3161", "fields": {"created_at": "2025-06-29T07:22:09.892Z", "updated_at": "2025-06-29T07:22:09.892Z", "user": "ebaa81fa-d193-404d-b602-a6f1418c35c4", "theme": "77d143a4-876e-4247-a851-4be66fc39b4d", "is_attendance": true, "is_complete_test": false, "ball": 0}}, {"model": "theme.themeattendance", "pk": "dc537d7c-80f2-450f-97d9-166f2443cf2d", "fields": {"created_at": "2025-06-28T14:04:13.054Z", "updated_at": "2025-06-28T14:04:13.054Z", "user": "f327dc82-030c-465c-8cb9-ad394ff79e5f", "theme": null, "is_attendance": true, "is_complete_test": false, "ball": 0}}, {"model": "theme.themeattendance", "pk": "fa5673da-c93c-4a1e-bdea-8921739d6e47", "fields": {"created_at": "2025-06-16T13:16:11.950Z", "updated_at": "2025-06-16T13:16:11.951Z", "user": "da03e3db-6958-4e75-8146-8f45e00901e2", "theme": null, "is_attendance": true, "is_complete_test": false, "ball": 0}}, {"model": "transaction.transaction", "pk": "07870cf0-cd3d-4891-a9f4-ba1a21d8c4a7", "fields": {"created_at": "2025-06-16T11:29:54.981Z", "updated_at": "2025-06-16T11:29:58.635Z", "user": "f327dc82-030c-465c-8cb9-ad394ff79e5f", "amount": 549000.0, "course": null, "status": "Accepted", "file": "AgACAgIAAxkBAAIBuGhQAAEyekOrL6caPe1FUfa3pbzcbgACvvIxG4eMgUoz5OM5iwSDSQEAAwIAA3kAAzYE", "updater": null}}, {"model": "transaction.transaction", "pk": "3ca84ce1-e7bd-431a-bc9e-6ab322fbe9fc", "fields": {"created_at": "2025-06-28T15:08:15.857Z", "updated_at": "2025-06-28T15:08:15.858Z", "user": "ebaa81fa-d193-404d-b602-a6f1418c35c4", "amount": 0.0, "course": null, "status": "Pending", "file": "AgACAgIAAxkBAAIDMmhgBUwf3eXvzSBou4BhUNu96b1BAAKR-DEbcaoAAUsF-0Hm8qyA1gEAAwIAA3cAAzYE", "updater": null}}, {"model": "transaction.transaction", "pk": "4dbeb141-b03e-46b6-9f61-269e31adcc3a", "fields": {"created_at": "2025-06-28T12:36:04.028Z", "updated_at": "2025-06-28T12:36:11.155Z", "user": "39f39aed-f963-4867-ab78-4c701ed1cacc", "amount": 1449000.0, "course": null, "status": "Accepted", "file": "AgACAgIAAxkBAAICkmhf4bMgn5up-MszBq_urElfAAEaWgACV_QxGwj2AAFLpO1wzQuwtJABAAMCAAN3AAM2BA", "updater": null}}, {"model": "transaction.transaction", "pk": "50cb856c-213f-40ed-a447-7cd2275e8a85", "fields": {"created_at": "2025-06-28T15:17:20.730Z", "updated_at": "2025-06-28T15:17:20.731Z", "user": "ebaa81fa-d193-404d-b602-a6f1418c35c4", "amount": 0.0, "course": null, "status": "Pending", "file": "AgACAgIAAxkBAAIDMmhgBUwf3eXvzSBou4BhUNu96b1BAAKR-DEbcaoAAUsF-0Hm8qyA1gEAAwIAA3cAAzYE", "updater": null}}, {"model": "transaction.transaction", "pk": "61b87186-1dde-46ef-9a7a-3aeef4bae7dc", "fields": {"created_at": "2025-06-28T14:35:34.894Z", "updated_at": "2025-06-28T14:52:43.349Z", "user": "f327dc82-030c-465c-8cb9-ad394ff79e5f", "amount": 849000.0, "course": null, "status": "Accepted", "file": "AgACAgIAAxkBAAIDC2hf_bY-Bsq5KAABmp9Dq3Z6EVipAQAC4-4xG0ucAAFLI3UqYfX-C3QBAAMCAAN5AAM2BA", "updater": null}}, {"model": "transaction.transaction", "pk": "90f27239-1f31-49d1-b9e9-ca31ff7975ac", "fields": {"created_at": "2025-06-26T10:41:36.574Z", "updated_at": "2025-06-26T10:41:57.469Z", "user": "f327dc82-030c-465c-8cb9-ad394ff79e5f", "amount": 1449000.0, "course": null, "status": "Accepted", "file": "AgACAgIAAxkBAAICCmhdI-BlzsDIpQeO2YiR_Sb07OXVAAK9_jEblb7pSkI9jlniyQWSAQADAgADeQADNgQ", "updater": null}}, {"model": "transaction.transaction", "pk": "9fe14091-cb7b-4565-9196-4b4e354dba7b", "fields": {"created_at": "2025-06-29T04:02:40.420Z", "updated_at": "2025-06-29T04:02:40.420Z", "user": "ebaa81fa-d193-404d-b602-a6f1418c35c4", "amount": 549000.0, "course": "d4cf2726-2203-4f7b-87af-e90f4cd75ac2", "status": "Pending", "file": "AgACAgIAAxkBAAIDMmhgBUwf3eXvzSBou4BhUNu96b1BAAKR-DEbcaoAAUsF-0Hm8qyA1gEAAwIAA3cAAzYE", "updater": null}}, {"model": "transaction.transaction", "pk": "b1fb345b-d08e-478a-92b4-5676253e60b6", "fields": {"created_at": "2025-06-16T08:57:51.769Z", "updated_at": "2025-06-16T08:58:01.914Z", "user": "da03e3db-6958-4e75-8146-8f45e00901e2", "amount": 549000.0, "course": null, "status": "Accepted", "file": "AgACAgIAAxkBAAIBlmhP3I9AJBPNsMzraFcr-z-vnXLmAALL9DEbIdCASs0D8JsN3x2AAQADAgADeAADNgQ", "updater": null}}, {"model": "transaction.transaction", "pk": "d0ab8008-ce90-4f2e-8848-73903f75abc6", "fields": {"created_at": "2025-06-28T15:07:56.670Z", "updated_at": "2025-06-29T06:38:40.330Z", "user": "ebaa81fa-d193-404d-b602-a6f1418c35c4", "amount": 0.0, "course": null, "status": "Accepted", "file": "AgACAgIAAxkBAAIDMmhgBUwf3eXvzSBou4BhUNu96b1BAAKR-DEbcaoAAUsF-0Hm8qyA1gEAAwIAA3cAAzYE", "updater": null}}, {"model": "studentcourse.studentcourse", "pk": "f585d552-da12-4455-838e-2e7aaa47083c", "fields": {"created_at": "2025-06-29T04:02:40.599Z", "updated_at": "2025-06-29T06:38:40.359Z", "user": "ebaa81fa-d193-404d-b602-a6f1418c35c4", "course": "d4cf2726-2203-4f7b-87af-e90f4cd75ac2", "status": "Active"}}]